y_true,y_proba
0.0,0.19909365
1.0,0.24713814
0.0,0.48698947
0.0,0.2201574
0.0,0.119122736
1.0,0.2929539
0.0,0.12711012
1.0,0.90314823
0.0,0.84099126
0.0,0.898164
1.0,0.8795019
0.0,0.21161358
0.0,0.13298182
0.0,0.068142205
0.0,0.19949943
0.0,0.5227975
1.0,0.8671276
0.0,0.05581849
0.0,0.38067427
1.0,0.66295224
0.0,0.44127113
1.0,0.7299217
0.0,0.95499986
0.0,0.15755096
0.0,0.119761676
0.0,0.074691996
0.0,0.84211653
0.0,0.069891915
0.0,0.19012092
0.0,0.8756237
0.0,0.31880987
1.0,0.9204556
1.0,0.060441814
0.0,0.40468428
0.0,0.5577184
0.0,0.18363225
0.0,0.6358475
0.0,0.04808804
0.0,0.8825521
0.0,0.9058058
0.0,0.1928756
0.0,0.1442191
0.0,0.26852775
0.0,0.2238358
1.0,0.9565915
0.0,0.80608404
0.0,0.25024128
0.0,0.07877412
0.0,0.64671636
0.0,0.8260559
0.0,0.9428195
0.0,0.8431899
1.0,0.9580713
1.0,0.6583529
1.0,0.76689637
0.0,0.63224256
0.0,0.21308687
0.0,0.65213
0.0,0.06649429
1.0,0.768492
0.0,0.09875589
0.0,0.12229825
1.0,0.46463868
0.0,0.34370956
0.0,0.40491584
0.0,0.02637126
0.0,0.5514626
1.0,0.8807465
0.0,0.10722919
0.0,0.80777276
0.0,0.76623267
0.0,0.09802917
0.0,0.04845805
0.0,0.8971682
1.0,0.74440914
0.0,0.070985824
0.0,0.27366528
0.0,0.26602823
0.0,0.064830534
0.0,0.09800203
0.0,0.04300439
0.0,0.18999086
0.0,0.23682883
1.0,0.38001698
1.0,0.12901053
1.0,0.08553371
1.0,0.803597
0.0,0.09250198
1.0,0.24913232
0.0,0.89943784
1.0,0.9429688
0.0,0.3941987
0.0,0.8114985
0.0,0.30271173
1.0,0.8115651
0.0,0.6672256
1.0,0.8491898
1.0,0.8218098
0.0,0.68971115
0.0,0.22004591
1.0,0.88659304
1.0,0.9034308
0.0,0.3278412
0.0,0.23533346
0.0,0.23071568
0.0,0.058201827
0.0,0.086108126
1.0,0.5327375
0.0,0.7578489
1.0,0.5850464
0.0,0.80476856
0.0,0.5060611
0.0,0.6314489
0.0,0.13888747
0.0,0.23540562
0.0,0.7976322
0.0,0.47011164
0.0,0.21880278
0.0,0.16222663
0.0,0.42917427
0.0,0.8487515
0.0,0.32454622
1.0,0.97299767
0.0,0.43670142
0.0,0.06199033
0.0,0.8722605
0.0,0.43742046
0.0,0.10022582
0.0,0.083410256
0.0,0.06694495
1.0,0.7875565
0.0,0.9298869
0.0,0.3000928
1.0,0.8662889
0.0,0.26454818
0.0,0.3139094
0.0,0.5983187
0.0,0.6712539
0.0,0.8454055
1.0,0.68987006
0.0,0.9745067
0.0,0.31238005
0.0,0.2772911
0.0,0.8584549
1.0,0.64093244
1.0,0.9706392
0.0,0.43295854
1.0,0.6450652
0.0,0.21732916
0.0,0.7445744
0.0,0.41423878
0.0,0.080306895
0.0,0.39010468
0.0,0.7037099
0.0,0.12307286
0.0,0.31714973
0.0,0.1621893
1.0,0.9362623
0.0,0.24158494
0.0,0.67927563
0.0,0.9350072
0.0,0.123850584
0.0,0.3616755
0.0,0.33926013
0.0,0.33137858
0.0,0.44574797
0.0,0.36362746
0.0,0.15227841
0.0,0.17757459
0.0,0.2525624
1.0,0.3594156
0.0,0.72246057
0.0,0.7924359
1.0,0.9668853
0.0,0.33186337
0.0,0.43354768
0.0,0.15793732
0.0,0.6458266
0.0,0.14480543
0.0,0.313228
1.0,0.9553504
0.0,0.083618656
0.0,0.9170715
1.0,0.9124589
0.0,0.7600437
0.0,0.4109394
0.0,0.6596795
0.0,0.21004204
0.0,0.52293
0.0,0.46975577
1.0,0.6703857
0.0,0.78260297
1.0,0.38780698
0.0,0.9107002
0.0,0.43836543
1.0,0.20740905
0.0,0.15839995
1.0,0.192479
1.0,0.11678931
1.0,0.78212667
1.0,0.10303379
0.0,0.84395677
1.0,0.81428313
0.0,0.5704808
0.0,0.057653442
1.0,0.5832462
1.0,0.92410874
1.0,0.9258902
0.0,0.1528474
0.0,0.34022182
1.0,0.9262923
0.0,0.24772228
1.0,0.9405312
0.0,0.27729952
0.0,0.45158857
0.0,0.24332032
0.0,0.9192621
0.0,0.2721378
1.0,0.95803356
1.0,0.7020153
0.0,0.16451156
0.0,0.06615927
0.0,0.917595
1.0,0.93427247
0.0,0.32507485
0.0,0.6909983
0.0,0.08393514
0.0,0.77997744
1.0,0.099056095
0.0,0.058303412
0.0,0.28186285
0.0,0.07674755
1.0,0.9059195
0.0,0.093970545
0.0,0.2756839
0.0,0.27002418
1.0,0.39055353
1.0,0.110357195
1.0,0.590063
0.0,0.08938765
0.0,0.883395
0.0,0.48277503
0.0,0.29429668
1.0,0.81742436
0.0,0.8779055
0.0,0.37158436
0.0,0.106339276
0.0,0.68613887
0.0,0.11117831
0.0,0.056704856
0.0,0.14440037
1.0,0.9823729
0.0,0.32701093
0.0,0.06487294
0.0,0.31074163
1.0,0.9125287
0.0,0.1397277
1.0,0.64318466
1.0,0.26649436
0.0,0.7751065
1.0,0.87650806
0.0,0.75953615
0.0,0.1534564
0.0,0.36301813
0.0,0.0874414
0.0,0.10223954
0.0,0.16863982
0.0,0.049343653
0.0,0.040465966
0.0,0.1443902
0.0,0.21006596
1.0,0.3990506
0.0,0.049114376
1.0,0.052299697
0.0,0.6218553
0.0,0.08574622
0.0,0.18384723
0.0,0.89139944
0.0,0.89461005
0.0,0.36055556
1.0,0.1379515
0.0,0.15314314
0.0,0.39468086
0.0,0.1053798
0.0,0.21945257
1.0,0.90020835
0.0,0.11828035
0.0,0.18533896
0.0,0.080502346
0.0,0.76889336
1.0,0.5332854
1.0,0.8821566
0.0,0.61364156
0.0,0.13696972
0.0,0.81845474
1.0,0.9249002
0.0,0.03635333
0.0,0.12369042
0.0,0.76922387
1.0,0.92466366
1.0,0.4121283
1.0,0.9636891
1.0,0.9534806
1.0,0.39364612
0.0,0.068150565
0.0,0.29124352
1.0,0.06570438
0.0,0.6315446
1.0,0.92742807
0.0,0.32939714
0.0,0.09288016
0.0,0.7352759
0.0,0.9049442
0.0,0.020781482
0.0,0.14849293
0.0,0.17902666
0.0,0.15071912
1.0,0.94484365
0.0,0.17233542
0.0,0.1630949
1.0,0.870471
0.0,0.3565972
1.0,0.8746223
0.0,0.6010979
0.0,0.050655257
0.0,0.053794507
1.0,0.92852616
1.0,0.7176972
0.0,0.5130109
1.0,0.081750765
1.0,0.044633836
0.0,0.054645073
0.0,0.33906567
1.0,0.9574948
0.0,0.13356163
1.0,0.80019695
1.0,0.98789096
0.0,0.8303117
1.0,0.8668552
0.0,0.6176178
1.0,0.9125685
0.0,0.08705297
0.0,0.6066003
1.0,0.74867266
1.0,0.9725088
0.0,0.56862605
0.0,0.47682744
0.0,0.31469548
0.0,0.8759147
0.0,0.95802885
0.0,0.94624794
0.0,0.14073163
0.0,0.050596856
1.0,0.37247196
0.0,0.08678575
0.0,0.8782712
0.0,0.2299292
0.0,0.15453425
0.0,0.9313795
0.0,0.80815285
0.0,0.35426247
0.0,0.08835306
0.0,0.11237528
0.0,0.20094562
1.0,0.85105944
1.0,0.23178175
0.0,0.1378547
0.0,0.88577366
0.0,0.06334102
0.0,0.35029578
0.0,0.8541384
0.0,0.50779784
0.0,0.81711316
0.0,0.9086301
0.0,0.8134706
0.0,0.44024426
0.0,0.16229339
0.0,0.40979522
0.0,0.68497497
0.0,0.40110126
0.0,0.12043149
0.0,0.6011228
0.0,0.22968407
0.0,0.19413884
0.0,0.04071902
0.0,0.06051477
1.0,0.9101316
0.0,0.14876767
0.0,0.56954527
1.0,0.7780878
0.0,0.3204716
0.0,0.5108061
0.0,0.6090395
1.0,0.8565009
1.0,0.9629774
0.0,0.3651443
0.0,0.3269923
1.0,0.8030594
0.0,0.06648146
0.0,0.51525563
1.0,0.951725
0.0,0.0667011
1.0,0.94291866
1.0,0.81717974
0.0,0.87812275
0.0,0.07148184
1.0,0.1471019
0.0,0.56418145
0.0,0.46745786
0.0,0.520311
0.0,0.19209272
0.0,0.036347993
0.0,0.12235732
1.0,0.8298197
0.0,0.9472445
0.0,0.077179775
0.0,0.118235335
0.0,0.042947378
0.0,0.65281636
0.0,0.17474042
0.0,0.8825696
1.0,0.84333205
0.0,0.12447284
0.0,0.043626428
0.0,0.417788
1.0,0.9625116
1.0,0.95746857
0.0,0.039494943
0.0,0.15228423
1.0,0.87128633
0.0,0.15358692
0.0,0.18587828
1.0,0.8927105
0.0,0.0602153
0.0,0.50953
0.0,0.38900676
0.0,0.7343592
0.0,0.15413892
0.0,0.92423016
0.0,0.037571546
0.0,0.92200184
1.0,0.8028424
1.0,0.94830227
0.0,0.64329475
0.0,0.8628249
0.0,0.94836295
0.0,0.7573838
0.0,0.92736334
0.0,0.13554908
0.0,0.086295955
1.0,0.6358178
1.0,0.942329
0.0,0.18465501
0.0,0.440814
0.0,0.56456995
0.0,0.8225345
0.0,0.73944473
1.0,0.9169972
0.0,0.38246235
0.0,0.27554977
0.0,0.07622996
0.0,0.41149667
0.0,0.8059898
1.0,0.6670565
0.0,0.39476532
1.0,0.8112597
0.0,0.5644029
0.0,0.4259077
0.0,0.023274532
0.0,0.15117685
0.0,0.6177232
0.0,0.87269145
0.0,0.7567482
0.0,0.9470921
1.0,0.9261599
1.0,0.15349019
1.0,0.10094741
1.0,0.18147486
1.0,0.36244798
0.0,0.49839726
0.0,0.07465026
0.0,0.21697973
0.0,0.7207576
0.0,0.33561385
0.0,0.13726696
1.0,0.4875805
0.0,0.64745516
0.0,0.23815046
0.0,0.062754564
0.0,0.108753264
0.0,0.37930253
0.0,0.49176738
0.0,0.6729431
0.0,0.41472062
1.0,0.9173883
1.0,0.9000343
0.0,0.12378818
0.0,0.19690022
0.0,0.13280252
0.0,0.66202986
0.0,0.04595082
1.0,0.9024084
1.0,0.93287504
1.0,0.84366554
0.0,0.14494818
1.0,0.7915706
0.0,0.22948676
0.0,0.14518455
0.0,0.04852377
0.0,0.12990062
1.0,0.8427812
0.0,0.13551189
1.0,0.16512217
0.0,0.9103123
1.0,0.076187134
1.0,0.109215304
0.0,0.31300598
0.0,0.23239845
1.0,0.7908699
1.0,0.88896084
0.0,0.84341425
0.0,0.14386503
0.0,0.046192575
0.0,0.5990616
1.0,0.34087065
1.0,0.75869
0.0,0.8205198
0.0,0.93018806
0.0,0.75184387
0.0,0.5879871
0.0,0.34345713
0.0,0.10164551
1.0,0.9150231
0.0,0.0559259
0.0,0.2910621
1.0,0.21828176
1.0,0.16599336
1.0,0.6350641
0.0,0.20650093
0.0,0.13213407
1.0,0.4715541
0.0,0.12880367
0.0,0.2567642
0.0,0.49213088
0.0,0.50066
1.0,0.49485227
0.0,0.8712877
0.0,0.770142
0.0,0.6563263
1.0,0.71771854
1.0,0.8328914
0.0,0.1933055
0.0,0.18573189
0.0,0.8035516
1.0,0.19775505
0.0,0.83513033
0.0,0.21769786
0.0,0.6992596
0.0,0.09574436
0.0,0.07271533
0.0,0.05051967
0.0,0.07025579
0.0,0.57715535
0.0,0.0867387
0.0,0.656598
0.0,0.3940412
0.0,0.64189106
0.0,0.20088586
0.0,0.5608417
0.0,0.9654517
1.0,0.9542796
1.0,0.7806508
0.0,0.37580526
1.0,0.9777565
0.0,0.09204465
0.0,0.6842141
0.0,0.76595676
0.0,0.07673693
0.0,0.19017085
1.0,0.80468446
0.0,0.55509675
1.0,0.22740267
0.0,0.19790518
0.0,0.25547516
0.0,0.47075143
1.0,0.81457156
0.0,0.25656345
0.0,0.09826147
0.0,0.9200651
0.0,0.53233796
0.0,0.13945901
0.0,0.47057864
0.0,0.32939926
0.0,0.09994873
0.0,0.95980054
0.0,0.22959873
0.0,0.7016696
0.0,0.73133105
1.0,0.85841346
0.0,0.3270634
1.0,0.14577614
0.0,0.36566326
0.0,0.33831295
0.0,0.07677893
0.0,0.952364
0.0,0.94807595
0.0,0.59378445
0.0,0.7526336
0.0,0.18710916
0.0,0.7744613
1.0,0.96332955
0.0,0.47752255
0.0,0.3639661
0.0,0.44760805
0.0,0.9381028
1.0,0.94518226
0.0,0.75166357
0.0,0.7392923
0.0,0.39805663
0.0,0.5167327
0.0,0.34544292
1.0,0.64137214
0.0,0.6090249
0.0,0.6373276
0.0,0.87019575
0.0,0.8250178
1.0,0.8341002
1.0,0.9311308
0.0,0.57323974
0.0,0.7414465
0.0,0.8549603
0.0,0.29089278
0.0,0.30174723
0.0,0.112445936
1.0,0.950005
0.0,0.4951698
0.0,0.8806707
0.0,0.9712961
0.0,0.081838414
0.0,0.24679327
0.0,0.11547647
0.0,0.32031712
0.0,0.85768056
0.0,0.18170589
0.0,0.82451594
0.0,0.52481955
0.0,0.1587618
1.0,0.9682331
0.0,0.26794377
0.0,0.41881424
0.0,0.1011715
1.0,0.06339441
1.0,0.93640256
1.0,0.7615197
0.0,0.4089976
0.0,0.13643155
1.0,0.9532467
0.0,0.17657581
1.0,0.9681971
0.0,0.105554074
0.0,0.13336359
0.0,0.3683692
0.0,0.25050157
0.0,0.388866
0.0,0.1974409
1.0,0.7929154
1.0,0.74852914
0.0,0.69123966
0.0,0.24207784
0.0,0.85988235
0.0,0.68259543
1.0,0.97079515
0.0,0.36467057
1.0,0.9600055
1.0,0.94626766
1.0,0.9698592
0.0,0.9659315
0.0,0.071819775
0.0,0.82830226
0.0,0.44321054
0.0,0.94414157
0.0,0.8044252
0.0,0.9101537
0.0,0.25256598
1.0,0.9275356
0.0,0.09613772
0.0,0.11599156
0.0,0.10889944
1.0,0.6059416
0.0,0.39674664
0.0,0.13046399
0.0,0.08158844
0.0,0.94245255
1.0,0.85285455
0.0,0.14300115
0.0,0.8454966
0.0,0.62890154
0.0,0.19679856
1.0,0.36454013
0.0,0.09956922
0.0,0.5294887
0.0,0.591165
1.0,0.8949301
0.0,0.10370986
0.0,0.767988
0.0,0.73368925
0.0,0.68387914
0.0,0.862293
1.0,0.3995324
0.0,0.90087765
0.0,0.11708385
0.0,0.054617886
1.0,0.89964813
1.0,0.11355151
0.0,0.02361152
0.0,0.796398
0.0,0.7323566
0.0,0.33241805
1.0,0.9706915
0.0,0.6047422
0.0,0.0886825
0.0,0.10677611
0.0,0.08946215
0.0,0.13814323
0.0,0.82861143
0.0,0.39379144
0.0,0.8156232
0.0,0.085261926
0.0,0.13869374
0.0,0.11273172
0.0,0.12211672
0.0,0.23716979
0.0,0.7611811
0.0,0.5908845
1.0,0.8503749
1.0,0.91369337
1.0,0.8154961
0.0,0.23187675
0.0,0.12839462
0.0,0.2144725
0.0,0.61614794
0.0,0.95974004
0.0,0.93127465
0.0,0.12195912
0.0,0.8269562
0.0,0.029303957
0.0,0.5383029
0.0,0.0895341
0.0,0.042193763
0.0,0.7863491
1.0,0.89571947
0.0,0.042401977
0.0,0.342211
1.0,0.86138695
1.0,0.9289995
1.0,0.86371535
0.0,0.5257499
0.0,0.059103627
0.0,0.03530729
0.0,0.07916301
0.0,0.302457
0.0,0.84852654
1.0,0.8102148
0.0,0.94060534
0.0,0.96529514
0.0,0.09963508
1.0,0.86848474
0.0,0.16805153
0.0,0.67751473
0.0,0.13915752
1.0,0.17399031
0.0,0.16985372
0.0,0.5602837
0.0,0.12528059
0.0,0.40532696
0.0,0.59520316
0.0,0.46532926
0.0,0.5223184
0.0,0.46153393
0.0,0.12113978
0.0,0.25445026
0.0,0.19994527
0.0,0.54223144
1.0,0.9116411
0.0,0.10494526
0.0,0.18327792
0.0,0.15777546
1.0,0.5481286
1.0,0.5631851
1.0,0.91780174
1.0,0.7955705
1.0,0.49517217
1.0,0.827136
1.0,0.9544129
0.0,0.88508314
0.0,0.6872033
0.0,0.26086888
0.0,0.86027664
0.0,0.26881906
0.0,0.1429527
0.0,0.47706196
0.0,0.289881
0.0,0.48713285
0.0,0.8864266
0.0,0.05307185
1.0,0.8638944
0.0,0.18130091
0.0,0.06477151
0.0,0.37662515
0.0,0.112643704
0.0,0.69154346
1.0,0.8169719
1.0,0.7519187
0.0,0.08920847
0.0,0.50721514
0.0,0.07028009
0.0,0.74852455
0.0,0.060608063
0.0,0.20824301
0.0,0.20702127
1.0,0.84942615
0.0,0.9385541
1.0,0.9324234
0.0,0.60829157
0.0,0.15327114
0.0,0.18671659
0.0,0.124147035
0.0,0.80855477
0.0,0.736876
0.0,0.13013679
0.0,0.7904247
1.0,0.7517746
0.0,0.12221795
0.0,0.3434965
0.0,0.1662525
0.0,0.6093725
1.0,0.8978868
0.0,0.077620864
0.0,0.96885747
0.0,0.7523824
0.0,0.46831223
0.0,0.12085481
1.0,0.78888166
1.0,0.10074281
0.0,0.35959056
0.0,0.120256834
0.0,0.5973915
0.0,0.052099947
0.0,0.9246492
0.0,0.6137586
0.0,0.76852417
0.0,0.7210389
0.0,0.68754804
0.0,0.2588692
0.0,0.48596314
1.0,0.86730385
1.0,0.89930034
0.0,0.1150323
0.0,0.49628058
1.0,0.28903517
0.0,0.25900897
0.0,0.8957043
0.0,0.10729546
1.0,0.55096257
0.0,0.8361702
0.0,0.900392
0.0,0.8978799
0.0,0.90529543
0.0,0.4355527
0.0,0.09208702
0.0,0.16074206
0.0,0.5301111
0.0,0.5023768
0.0,0.26411408
0.0,0.7496952
0.0,0.37205565
0.0,0.22199953
0.0,0.45057598
0.0,0.24514595
0.0,0.3462761
1.0,0.9595911
0.0,0.8887944
1.0,0.08984719
0.0,0.9425689
0.0,0.13235906
1.0,0.7787781
0.0,0.8764256
1.0,0.74357575
0.0,0.6023226
0.0,0.26569694
0.0,0.11756474
1.0,0.031645715
0.0,0.022737874
1.0,0.9401222
0.0,0.17172062
1.0,0.65241355
0.0,0.92760503
0.0,0.6041839
0.0,0.5648403
0.0,0.1653977
1.0,0.92379284
0.0,0.12106614
1.0,0.9313352
0.0,0.23519218
0.0,0.10968787
1.0,0.9626504
0.0,0.69637245
0.0,0.077272035
0.0,0.30719805
0.0,0.16159743
1.0,0.35431394
1.0,0.8730326
0.0,0.7526161
0.0,0.90882397
0.0,0.9528964
0.0,0.8777223
0.0,0.05942981
0.0,0.24069877
0.0,0.21496996
0.0,0.6854019
0.0,0.7805781
1.0,0.9084916
0.0,0.088175036
1.0,0.29505888
0.0,0.1334128
0.0,0.3613428
0.0,0.8838112
0.0,0.8245727
0.0,0.42301723
0.0,0.54081017
1.0,0.35445312
1.0,0.5391011
0.0,0.08453712
1.0,0.16547412
0.0,0.77030575
0.0,0.9571783
0.0,0.6374622
1.0,0.769725
0.0,0.04819325
0.0,0.7043522
0.0,0.9863235
0.0,0.3840387
0.0,0.78491175
0.0,0.9378926
0.0,0.2884932
0.0,0.08163204
0.0,0.38156483
1.0,0.37376437
0.0,0.06992532
0.0,0.7023769
0.0,0.14704897
0.0,0.07084063
0.0,0.8993996
0.0,0.5971054
0.0,0.27758294
0.0,0.06507499
1.0,0.9771986
0.0,0.39016148
0.0,0.1179984
0.0,0.22631066
0.0,0.13742684
0.0,0.59999776
0.0,0.1336504
1.0,0.9787482
0.0,0.4782119
0.0,0.70668274
1.0,0.93736494
1.0,0.95662844
0.0,0.10800086
0.0,0.9456944
0.0,0.3994335
0.0,0.52932304
0.0,0.1367676
0.0,0.09791125
0.0,0.06858226
0.0,0.04140786
0.0,0.65069056
0.0,0.84551346
0.0,0.10323443
0.0,0.09932845
0.0,0.26811624
1.0,0.5736284
0.0,0.24114093
0.0,0.024414763
0.0,0.7069618
0.0,0.9303918
1.0,0.9415399
0.0,0.7258769
1.0,0.86291444
0.0,0.1294368
0.0,0.23272964
0.0,0.23965682
0.0,0.7326851
0.0,0.7971069
1.0,0.297874
0.0,0.039273016
0.0,0.08455961
0.0,0.35340488
0.0,0.9076849
0.0,0.94779795
1.0,0.5865741
1.0,0.9539065
0.0,0.2727681
1.0,0.98071194
0.0,0.9782633
1.0,0.73743254
0.0,0.1723478
1.0,0.11989977
1.0,0.2273616
1.0,0.81479335
1.0,0.9035028
0.0,0.12553841
0.0,0.45376647
0.0,0.5528673
0.0,0.5267651
0.0,0.1880723
1.0,0.95389557
0.0,0.7626771
1.0,0.3685702
1.0,0.7957149
0.0,0.73118603
0.0,0.6900332
0.0,0.13927032
0.0,0.12065895
0.0,0.17851019
1.0,0.8330834
0.0,0.48598188
0.0,0.37072197
0.0,0.69471246
0.0,0.28032693
0.0,0.65133506
1.0,0.7127501
0.0,0.14731556
1.0,0.85366756
0.0,0.86014473
0.0,0.09726439
0.0,0.11704038
1.0,0.15367685
1.0,0.091061674
0.0,0.1459831
0.0,0.047697652
1.0,0.095316954
0.0,0.3256535
1.0,0.4376349
0.0,0.73701257
0.0,0.334938
0.0,0.8529316
0.0,0.055629972
0.0,0.24630973
0.0,0.68317735
0.0,0.15652576
1.0,0.14097714
0.0,0.9230487
0.0,0.9416111
1.0,0.9350041
0.0,0.24348553
0.0,0.23962615
0.0,0.5079526
0.0,0.84870595
0.0,0.14185885
0.0,0.24578665
0.0,0.39613348
0.0,0.24892399
0.0,0.82864517
0.0,0.087628536
1.0,0.7380152
0.0,0.31382242
0.0,0.0536833
0.0,0.03461185
0.0,0.36593622
0.0,0.059870213
0.0,0.06545903
1.0,0.9247061
0.0,0.7392651
0.0,0.40956426
0.0,0.092761815
0.0,0.075541854
0.0,0.29760554
0.0,0.1961533
1.0,0.8902577
0.0,0.22539891
0.0,0.115854256
0.0,0.1967777
0.0,0.9358562
0.0,0.6686094
1.0,0.7056364
0.0,0.11716064
1.0,0.40184033
0.0,0.13055515
1.0,0.87280405
0.0,0.840946
0.0,0.41017383
1.0,0.882203
0.0,0.8597599
1.0,0.16294973
0.0,0.15306124
1.0,0.94078106
1.0,0.6119399
0.0,0.9031148
1.0,0.9424481
0.0,0.19801864
0.0,0.79648525
0.0,0.7493164
0.0,0.14150259
1.0,0.32181388
1.0,0.87985426
1.0,0.393048
1.0,0.38748068
0.0,0.55093426
0.0,0.5666861
0.0,0.415077
1.0,0.85140777
0.0,0.17612483
0.0,0.52251387
0.0,0.2294446
0.0,0.08756775
0.0,0.86926967
0.0,0.8098967
0.0,0.08651018
1.0,0.1782918
0.0,0.22323225
0.0,0.3615255
0.0,0.20473646
1.0,0.9189329
0.0,0.19873473
1.0,0.21934456
0.0,0.76836073
0.0,0.6769195
0.0,0.19447054
0.0,0.44955894
0.0,0.76733834
0.0,0.15824725
0.0,0.73463184
0.0,0.5424407
0.0,0.18907045
0.0,0.2466789
0.0,0.13942878
0.0,0.9039853
0.0,0.5655116
1.0,0.9521726
0.0,0.36086687
0.0,0.742262
0.0,0.7354726
1.0,0.83423984
0.0,0.216689
0.0,0.16855983
0.0,0.08868227
0.0,0.4656134
0.0,0.7840232
0.0,0.10029744
0.0,0.13612314
0.0,0.9276234
0.0,0.74575126
0.0,0.03984693
0.0,0.3280593
0.0,0.23101555
0.0,0.85993415
0.0,0.28869766
0.0,0.5893465
0.0,0.96407217
0.0,0.34122548
0.0,0.18107034
0.0,0.20806643
0.0,0.884924
0.0,0.12543198
0.0,0.30822545
0.0,0.7372622
0.0,0.120057754
0.0,0.59558797
1.0,0.957556
0.0,0.10791494
0.0,0.63204944
1.0,0.8102345
0.0,0.076570086
0.0,0.5550579
1.0,0.8215647
1.0,0.9198389
0.0,0.11714483
0.0,0.036769778
0.0,0.94208896
0.0,0.18843573
0.0,0.4372107
1.0,0.5458646
1.0,0.8939061
0.0,0.10633894
0.0,0.24659869
0.0,0.6905694
1.0,0.9225476
0.0,0.08032186
0.0,0.23215315
0.0,0.8999904
0.0,0.60191876
0.0,0.16792369
0.0,0.45195055
0.0,0.7930143
0.0,0.05073235
0.0,0.12771502
0.0,0.17756985
0.0,0.8278533
0.0,0.20496473
0.0,0.71606064
0.0,0.04128667
0.0,0.2801441
0.0,0.7271441
0.0,0.77596194
1.0,0.85446423
0.0,0.07737835
1.0,0.94128776
0.0,0.5081194
0.0,0.19532923
0.0,0.5446408
0.0,0.41346785
0.0,0.98345727
1.0,0.97770816
0.0,0.82488704
0.0,0.5596667
1.0,0.90257335
0.0,0.67382884
1.0,0.8477914
0.0,0.057900254
0.0,0.24437751
0.0,0.53823483
1.0,0.85106635
1.0,0.31034517
0.0,0.18966733
1.0,0.18395795
1.0,0.17242339
1.0,0.39065248
0.0,0.12701753
1.0,0.6462902
0.0,0.71083874
0.0,0.3739162
0.0,0.55335194
0.0,0.8444129
0.0,0.18393828
0.0,0.2675705
0.0,0.22235568
0.0,0.056225706
0.0,0.077120975
1.0,0.9201053
1.0,0.9240553
0.0,0.8283379
1.0,0.88904727
0.0,0.19751625
0.0,0.34772167
0.0,0.6183013
1.0,0.55985427
0.0,0.67129445
0.0,0.10636972
1.0,0.84321654
1.0,0.85492414
0.0,0.18164119
0.0,0.7347121
0.0,0.20663318
1.0,0.9261195
1.0,0.89458025
1.0,0.74418366
0.0,0.09192977
1.0,0.95333457
0.0,0.12673189
0.0,0.2579955
0.0,0.4236479
0.0,0.6425936
0.0,0.81029975
1.0,0.9085861
0.0,0.1756965
0.0,0.10910441
0.0,0.3473314
0.0,0.39927605
0.0,0.27345526
0.0,0.11372319
0.0,0.23186564
0.0,0.9391133
0.0,0.09457786
0.0,0.6537159
0.0,0.67814416
1.0,0.5145949
1.0,0.93074733
1.0,0.1050236
1.0,0.26759034
0.0,0.06383454
0.0,0.75489515
0.0,0.33923465
1.0,0.9660423
0.0,0.8065589
0.0,0.11252808
0.0,0.92895967
0.0,0.73886734
0.0,0.09129757
0.0,0.58900535
0.0,0.712612
0.0,0.2715353
0.0,0.754944
0.0,0.052883416
0.0,0.09023808
0.0,0.19610898
0.0,0.06021335
0.0,0.6603502
1.0,0.37759322
0.0,0.88586795
0.0,0.4265253
0.0,0.06755808
1.0,0.20127198
0.0,0.5547977
0.0,0.24966833
0.0,0.026017308
0.0,0.9782015
0.0,0.5196972
1.0,0.9778245
1.0,0.7644363
0.0,0.07664465
0.0,0.16054711
1.0,0.972622
0.0,0.22565491
1.0,0.6333317
0.0,0.043960333
0.0,0.6721067
0.0,0.6028401
0.0,0.17621878
0.0,0.06804279
0.0,0.5591368
0.0,0.9177614
0.0,0.13606615
1.0,0.8262285
0.0,0.8671181
0.0,0.6112907
0.0,0.51176894
1.0,0.85896885
0.0,0.17485917
0.0,0.71989995
0.0,0.60967124
0.0,0.24181013
0.0,0.6421497
0.0,0.16226022
1.0,0.8600607
0.0,0.93262726
1.0,0.92760783
1.0,0.89347297
0.0,0.31201264
0.0,0.1757161
0.0,0.22798981
1.0,0.9552364
0.0,0.24983858
1.0,0.8773663
0.0,0.243885
0.0,0.1956774
0.0,0.73711973
0.0,0.12799627
1.0,0.973079
0.0,0.3748092
0.0,0.24719982
0.0,0.30507502
0.0,0.11557267
0.0,0.15400106
0.0,0.32017478
0.0,0.053832807
0.0,0.101685956
0.0,0.81513304
0.0,0.7580668
0.0,0.034649767
1.0,0.87381786
0.0,0.20108534
0.0,0.8577608
0.0,0.41754785
0.0,0.10198926
0.0,0.115655944
0.0,0.35291222
0.0,0.8859714
0.0,0.61794543
0.0,0.8265922
0.0,0.5448824
1.0,0.95688117
0.0,0.27730474
0.0,0.060856033
0.0,0.34523675
0.0,0.08248802
0.0,0.29405987
0.0,0.11323873
0.0,0.72333753
0.0,0.13905017
0.0,0.43083987
0.0,0.80806303
0.0,0.6636965
1.0,0.9062931
1.0,0.9148428
0.0,0.9158166
0.0,0.06929301
0.0,0.18850227
0.0,0.030713454
1.0,0.98180276
1.0,0.9644233
0.0,0.9266064
1.0,0.2910802
0.0,0.86659324
0.0,0.2103952
0.0,0.8494634
0.0,0.08080661
0.0,0.79841137
1.0,0.9043896
0.0,0.35792267
0.0,0.7587428
0.0,0.64985645
0.0,0.55559385
0.0,0.2319836
1.0,0.43418673
1.0,0.24583368
0.0,0.85819465
1.0,0.7323028
1.0,0.07197805
1.0,0.25327188
1.0,0.1534513
1.0,0.54149455
1.0,0.32600874
0.0,0.073954314
0.0,0.3049169
1.0,0.8679051
0.0,0.9491408
0.0,0.9155796
1.0,0.6960341
1.0,0.9127514
0.0,0.525783
0.0,0.9432027
0.0,0.72365195
0.0,0.21069103
0.0,0.05149575
0.0,0.4654658
0.0,0.06386441
0.0,0.52043027
0.0,0.18457788
0.0,0.39669135
0.0,0.9585726
1.0,0.9757909
0.0,0.55174094
0.0,0.7352693
1.0,0.119149186
1.0,0.64556766
0.0,0.9011862
0.0,0.07384807
0.0,0.32850567
0.0,0.21986201
1.0,0.75144815
0.0,0.28487444
0.0,0.35580823
1.0,0.95200247
0.0,0.06968419
0.0,0.392086
0.0,0.33952138
0.0,0.05869083
0.0,0.60987526
0.0,0.7003364
0.0,0.23297101
0.0,0.24725738
0.0,0.79942036
0.0,0.55475426
1.0,0.95436406
0.0,0.33642563
0.0,0.2142118
1.0,0.8864197
0.0,0.24748182
0.0,0.8842128
0.0,0.97820216
0.0,0.57761264
1.0,0.9201819
0.0,0.94822854
0.0,0.6652365
0.0,0.29102254
1.0,0.1728033
0.0,0.158462
0.0,0.68639886
1.0,0.871
0.0,0.34030816
0.0,0.09363609
0.0,0.9597832
0.0,0.6713961
0.0,0.692133
0.0,0.4590749
0.0,0.17565435
1.0,0.80264306
0.0,0.78233796
0.0,0.10895727
1.0,0.8372356
0.0,0.23489596
1.0,0.53095406
1.0,0.58805007
0.0,0.3378245
1.0,0.8018386
0.0,0.1874577
0.0,0.17985609
1.0,0.7233343
0.0,0.21513987
1.0,0.2939987
0.0,0.60983247
1.0,0.72284317
0.0,0.4458421
0.0,0.8802021
0.0,0.83490586
0.0,0.22119789
1.0,0.49415573
0.0,0.13815998
0.0,0.2030906
0.0,0.47221145
1.0,0.94836295
0.0,0.07902349
0.0,0.27909854
0.0,0.6365866
0.0,0.2853401
0.0,0.804286
0.0,0.08343032
1.0,0.17121468
0.0,0.16171859
0.0,0.1571334
0.0,0.26742452
0.0,0.55566716
0.0,0.88796836
0.0,0.17696565
0.0,0.15632896
0.0,0.09630141
0.0,0.7767692
0.0,0.92380095
0.0,0.14218357
0.0,0.4763547
0.0,0.65724903
1.0,0.09421521
1.0,0.534931
1.0,0.13768297
0.0,0.6889542
0.0,0.091145776
0.0,0.961901
0.0,0.34416485
0.0,0.78715926
0.0,0.6149258
0.0,0.906045
0.0,0.1254476
1.0,0.18246906
0.0,0.15059923
0.0,0.915708
0.0,0.97859186
1.0,0.97600704
0.0,0.48918208
0.0,0.39069995
0.0,0.9364182
0.0,0.10015238
0.0,0.15045056
0.0,0.96069014
0.0,0.37657738
0.0,0.12494358
0.0,0.19756678
0.0,0.28484485
0.0,0.36748293
0.0,0.2535574
1.0,0.9864226
0.0,0.57802844
0.0,0.13545886
0.0,0.63295114
1.0,0.9630127
1.0,0.64828676
1.0,0.8803679
0.0,0.0686849
0.0,0.55495656
1.0,0.9726643
0.0,0.8800662
0.0,0.87628543
0.0,0.1310048
1.0,0.87575644
0.0,0.75801355
0.0,0.8374726
0.0,0.25365454
0.0,0.5104857
1.0,0.98754823
0.0,0.8017583
0.0,0.17866375
0.0,0.16910993
1.0,0.77709746
0.0,0.08566128
0.0,0.44020092
0.0,0.84556264
0.0,0.17403428
0.0,0.3751519
0.0,0.0781336
1.0,0.9497305
1.0,0.9148893
1.0,0.85599786
0.0,0.8291784
0.0,0.6278718
0.0,0.51937336
0.0,0.4161427
1.0,0.47780836
1.0,0.855783
0.0,0.10052229
0.0,0.4980741
0.0,0.12962201
0.0,0.8009717
0.0,0.12222345
0.0,0.9541796
0.0,0.8667399
0.0,0.41306022
1.0,0.237206
0.0,0.91477865
0.0,0.0470911
0.0,0.27943516
1.0,0.05956788
1.0,0.8648159
0.0,0.23916121
0.0,0.07234439
0.0,0.9676284
1.0,0.9333014
0.0,0.6840622
0.0,0.24084128
1.0,0.95716864
1.0,0.9910994
0.0,0.8034726
1.0,0.05766129
1.0,0.06582969
1.0,0.04132396
0.0,0.038277794
1.0,0.96053755
0.0,0.16650683
0.0,0.59954596
0.0,0.5185968
0.0,0.88094807
1.0,0.880448
0.0,0.7561351
0.0,0.606583
0.0,0.3163356
0.0,0.73973036
0.0,0.3183338
0.0,0.1995137
0.0,0.1481859
0.0,0.91729033
0.0,0.09237127
0.0,0.096029334
0.0,0.111162834
0.0,0.53526586
0.0,0.8219303
1.0,0.20511916
1.0,0.22836445
0.0,0.860381
0.0,0.42374462
1.0,0.9529673
0.0,0.25763497
0.0,0.26264355
0.0,0.8976461
0.0,0.7446536
0.0,0.244771
1.0,0.9074911
0.0,0.9522411
0.0,0.5277763
0.0,0.6787845
0.0,0.2839063
0.0,0.08037607
1.0,0.911551
1.0,0.13655968
0.0,0.37630922
0.0,0.4343105
0.0,0.73441935
0.0,0.25697064
0.0,0.10971428
0.0,0.81247187
0.0,0.8033038
0.0,0.8560037
0.0,0.09903077
0.0,0.09681381
0.0,0.04143808
0.0,0.5316842
0.0,0.74165493
0.0,0.5129705
0.0,0.649092
0.0,0.19368736
1.0,0.2944178
0.0,0.06328507
0.0,0.1058231
0.0,0.5419706
1.0,0.9608278
1.0,0.93438995
0.0,0.08659227
0.0,0.91840684
0.0,0.8059416
1.0,0.08744754
1.0,0.93161696
0.0,0.22669733
0.0,0.05745346
0.0,0.952014
0.0,0.34132528
0.0,0.10751656
0.0,0.5225218
0.0,0.8358555
0.0,0.44495508
1.0,0.9060764
1.0,0.102651834
1.0,0.9280309
0.0,0.08237441
0.0,0.8050496
0.0,0.25893858
0.0,0.064867765
0.0,0.06901535
0.0,0.08365671
1.0,0.31754276
1.0,0.94761735
0.0,0.33705607
0.0,0.25545466
0.0,0.14235246
0.0,0.1629565
1.0,0.8669284
0.0,0.86342794
0.0,0.8425334
0.0,0.56083864
1.0,0.93728817
1.0,0.36767858
1.0,0.95492965
0.0,0.1610808
0.0,0.16898504
0.0,0.82958794
0.0,0.9177184
1.0,0.91882545
0.0,0.86632335
0.0,0.55220544
1.0,0.8628516
0.0,0.8568547
0.0,0.8551484
0.0,0.058996078
0.0,0.53268754
0.0,0.742975
0.0,0.069743276
0.0,0.6597936
0.0,0.07540868
0.0,0.9293496
0.0,0.1345901
0.0,0.16915083
1.0,0.3096426
0.0,0.2010122
0.0,0.39154497
1.0,0.23883991
0.0,0.058164906
0.0,0.77800536
1.0,0.69244915
0.0,0.5378398
1.0,0.83136827
1.0,0.7423471
0.0,0.07468752
0.0,0.8164037
0.0,0.76607895
0.0,0.23631996
1.0,0.9059868
1.0,0.08426759
0.0,0.6275415
0.0,0.1613739
1.0,0.88526523
0.0,0.28423244
1.0,0.9377179
0.0,0.76594615
0.0,0.23387015
0.0,0.13007054
1.0,0.9469043
0.0,0.2886948
0.0,0.0946041
1.0,0.9243205
0.0,0.08071271
1.0,0.5578152
0.0,0.2245125
0.0,0.2820498
0.0,0.10454668
0.0,0.8264131
0.0,0.39763612
1.0,0.9770204
0.0,0.08848437
1.0,0.93008876
0.0,0.21342874
0.0,0.26906633
0.0,0.6167622
0.0,0.34350353
0.0,0.6363456
1.0,0.34601256
0.0,0.88883793
0.0,0.05590127
1.0,0.63204604
0.0,0.26218206
1.0,0.27925265
0.0,0.4623095
1.0,0.38542378
1.0,0.1781025
0.0,0.19299349
0.0,0.21283898
0.0,0.10049562
1.0,0.07530088
0.0,0.5603163
0.0,0.8485755
0.0,0.22351587
0.0,0.9278346
0.0,0.07530447
1.0,0.9493594
0.0,0.7731378
0.0,0.13541602
0.0,0.7136505
0.0,0.1552296
0.0,0.19560899
0.0,0.71853393
0.0,0.6204693
1.0,0.9449917
1.0,0.80495477
1.0,0.92667484
0.0,0.46809682
0.0,0.19693913
0.0,0.40878582
0.0,0.89303434
0.0,0.48004544
0.0,0.04773768
0.0,0.5998294
0.0,0.14701806
0.0,0.7762165
0.0,0.2647783
1.0,0.8909394
1.0,0.92919415
0.0,0.251903
0.0,0.5223691
0.0,0.43214685
0.0,0.10865543
0.0,0.1443542
1.0,0.36036268
1.0,0.20539464
0.0,0.77165276
0.0,0.77572995
0.0,0.30636922
0.0,0.19550283
0.0,0.20289822
0.0,0.5521062
0.0,0.9170558
0.0,0.61577046
1.0,0.83737296
1.0,0.8879774
0.0,0.39930868
0.0,0.06734828
1.0,0.88560945
0.0,0.9207143
0.0,0.17330097
0.0,0.06306762
0.0,0.19960888
0.0,0.19027291
0.0,0.10324222
1.0,0.86817265
0.0,0.50299823
0.0,0.25301144
0.0,0.14682873
0.0,0.72869647
0.0,0.52078325
0.0,0.1095647
1.0,0.13267086
0.0,0.84650064
1.0,0.68616706
1.0,0.32383883
0.0,0.2568995
0.0,0.6265936
1.0,0.08647005
0.0,0.112407565
1.0,0.08282433
1.0,0.4153596
1.0,0.44869703
1.0,0.898564
0.0,0.67235434
0.0,0.6301752
0.0,0.9187886
0.0,0.10538853
0.0,0.8346814
1.0,0.8672819
0.0,0.5057954
0.0,0.78841025
1.0,0.96550536
0.0,0.30577904
0.0,0.5641151
0.0,0.18323411
0.0,0.065317445
0.0,0.08396437
0.0,0.18262123
0.0,0.28055304
1.0,0.9312891
1.0,0.68301886
1.0,0.7398765
1.0,0.16704695
1.0,0.5334043
1.0,0.10954074
1.0,0.100827426
0.0,0.10282506
0.0,0.0791361
0.0,0.37959
0.0,0.86672145
0.0,0.65447146
0.0,0.1829466
0.0,0.1759833
0.0,0.93080187
0.0,0.20423484
0.0,0.359882
1.0,0.42698887
0.0,0.87174827
1.0,0.6793963
0.0,0.76453865
1.0,0.90225834
0.0,0.39432767
0.0,0.8943412
1.0,0.9286014
1.0,0.94572586
1.0,0.91558427
0.0,0.3893229
0.0,0.12177419
1.0,0.43720552
1.0,0.9111753
0.0,0.026662577
0.0,0.8421819
0.0,0.20109032
0.0,0.94181114
1.0,0.8602449
0.0,0.076547466
0.0,0.75478435
0.0,0.11186299
0.0,0.33693978
0.0,0.94626224
0.0,0.9116091
0.0,0.3291109
0.0,0.7616125
0.0,0.22716913
0.0,0.3195899
0.0,0.054533266
1.0,0.8177699
0.0,0.87561655
0.0,0.14275688
0.0,0.4933303
0.0,0.07963096
0.0,0.04648289
0.0,0.31176168
0.0,0.092386946
0.0,0.3703105
0.0,0.7005536
0.0,0.83228457
0.0,0.06755591
0.0,0.3957182
0.0,0.5992267
0.0,0.1024795
0.0,0.85445076
0.0,0.893137
0.0,0.31302598
0.0,0.9100391
0.0,0.20370564
0.0,0.17265059
0.0,0.10389495
0.0,0.84487826
0.0,0.099795096
0.0,0.1104516
1.0,0.9367266
0.0,0.8746156
0.0,0.049314704
0.0,0.8950884
1.0,0.8951669
0.0,0.30410832
0.0,0.112903684
1.0,0.9691644
0.0,0.33862942
0.0,0.41311544
0.0,0.15725045
0.0,0.7976019
1.0,0.93166995
0.0,0.9706002
1.0,0.022132378
1.0,0.9014935
0.0,0.6865583
0.0,0.93298995
1.0,0.43479106
0.0,0.2025044
0.0,0.044399425
1.0,0.927547
0.0,0.6891347
0.0,0.1664182
0.0,0.8361271
0.0,0.12610425
0.0,0.88595665
0.0,0.2025023
0.0,0.30586645
0.0,0.8424703
0.0,0.08274898
0.0,0.3872279
0.0,0.70554435
0.0,0.26178908
0.0,0.13982916
0.0,0.903473
0.0,0.49266583
0.0,0.8169239
0.0,0.95764697
1.0,0.3776406
0.0,0.034015942
0.0,0.09652425
0.0,0.19105361
0.0,0.14735502
1.0,0.26534656
0.0,0.26092717
0.0,0.7307225
0.0,0.2832721
1.0,0.94929826
1.0,0.9072999
0.0,0.5943353
0.0,0.2545819
0.0,0.059111662
0.0,0.19007368
0.0,0.23049039
0.0,0.5598912
1.0,0.19456698
0.0,0.93288475
0.0,0.16106814
0.0,0.5462639
0.0,0.3686663
1.0,0.26061946
0.0,0.8929168
0.0,0.7726441
1.0,0.16666621
0.0,0.19505972
0.0,0.18457319
0.0,0.316222
0.0,0.5939728
0.0,0.9317164
0.0,0.5566691
0.0,0.84835225
0.0,0.17013411
0.0,0.41336125
0.0,0.13379677
0.0,0.8618181
1.0,0.19302662
1.0,0.7832378
1.0,0.48873326
1.0,0.8970518
1.0,0.60838497
1.0,0.5374279
1.0,0.59602123
1.0,0.82144165
0.0,0.92093194
0.0,0.21441312
0.0,0.19645096
1.0,0.82922095
0.0,0.5947255
0.0,0.14888978
0.0,0.68485063
0.0,0.14646229
0.0,0.66269785
0.0,0.12847768
1.0,0.9504558
1.0,0.96325576
1.0,0.79935974
0.0,0.9323667
1.0,0.7414133
0.0,0.09614218
0.0,0.22112252
0.0,0.7768294
0.0,0.13761224
0.0,0.9455661
0.0,0.080838725
1.0,0.26753736
1.0,0.39680272
1.0,0.9062657
0.0,0.28366512
0.0,0.2930508
0.0,0.6306972
0.0,0.1110306
0.0,0.18073475
1.0,0.97532016
1.0,0.9093037
1.0,0.8004471
0.0,0.55583936
1.0,0.87140363
0.0,0.68631876
0.0,0.4177145
0.0,0.120066054
0.0,0.17508489
1.0,0.7708836
1.0,0.3836676
1.0,0.42900178
1.0,0.28064764
0.0,0.12066881
0.0,0.121632665
0.0,0.26440036
0.0,0.41876414
0.0,0.6988684
0.0,0.5571034
1.0,0.93691766
0.0,0.4413147
0.0,0.7047834
0.0,0.6324084
0.0,0.74602836
0.0,0.23873028
0.0,0.03204459
0.0,0.2239642
1.0,0.94538486
1.0,0.5108124
0.0,0.7581669
0.0,0.66243273
0.0,0.2605528
0.0,0.937911
0.0,0.10077122
0.0,0.57751584
0.0,0.1620691
0.0,0.58971465
0.0,0.29414004
0.0,0.26537794
0.0,0.10662842
0.0,0.13273568
0.0,0.39059532
0.0,0.13364215
1.0,0.89606297
0.0,0.87171525
0.0,0.20604235
0.0,0.26833576
0.0,0.4062561
0.0,0.25940683
1.0,0.5097169
1.0,0.11993279
1.0,0.29342747
0.0,0.3187144
1.0,0.9252137
1.0,0.9563727
0.0,0.14463462
0.0,0.8022705
0.0,0.25937736
0.0,0.89153105
1.0,0.89320576
0.0,0.3064422
1.0,0.08667084
1.0,0.06264572
0.0,0.6526503
0.0,0.43358263
0.0,0.04843785
0.0,0.25651303
1.0,0.2895918
0.0,0.15889226
0.0,0.90565956
0.0,0.06973475
1.0,0.36812595
0.0,0.13288386
1.0,0.1827892
0.0,0.23923416
0.0,0.21015586
0.0,0.13098274
0.0,0.556856
0.0,0.1789177
1.0,0.7618923
0.0,0.14838216
0.0,0.16037127
1.0,0.8070057
0.0,0.46239555
0.0,0.92702484
0.0,0.51022094
0.0,0.06618554
0.0,0.41093102
0.0,0.8880706
0.0,0.5550886
1.0,0.86475617
0.0,0.86856043
0.0,0.28617057
0.0,0.15229613
0.0,0.15797758
0.0,0.12405764
0.0,0.35470474
0.0,0.23852089
0.0,0.5979569
0.0,0.056899436
0.0,0.11223166
0.0,0.09275619
0.0,0.3735236
0.0,0.6683974
1.0,0.90173906
0.0,0.15762728
0.0,0.6394904
0.0,0.26384977
0.0,0.38599434
0.0,0.9443423
0.0,0.09794828
0.0,0.11414635
0.0,0.17940056
0.0,0.18990162
0.0,0.35880908
0.0,0.1525224
0.0,0.18304314
0.0,0.12754506
0.0,0.688979
0.0,0.21681328
0.0,0.10282054
0.0,0.29960716
0.0,0.8363351
0.0,0.08749268
0.0,0.4842362
0.0,0.10882915
0.0,0.07422136
0.0,0.7450132
0.0,0.09548215
0.0,0.21153577
0.0,0.21007483
0.0,0.29527584
0.0,0.8995729
0.0,0.10228809
0.0,0.63479704
0.0,0.40409672
0.0,0.50646514
0.0,0.85578823
1.0,0.8595249
0.0,0.25054482
0.0,0.9494585
0.0,0.7126045
0.0,0.24785328
0.0,0.7410913
0.0,0.4009984
0.0,0.21137746
0.0,0.13910103
0.0,0.108803734
0.0,0.43664226
0.0,0.037401132
0.0,0.062207762
1.0,0.12523626
0.0,0.11326748
1.0,0.08628585
0.0,0.09282917
1.0,0.9655938
0.0,0.5548262
0.0,0.3319403
0.0,0.88402754
1.0,0.8188458
0.0,0.24637863
0.0,0.12795047
0.0,0.10958881
0.0,0.17113796
0.0,0.0995315
1.0,0.53575987
0.0,0.11124969
1.0,0.43091857
1.0,0.9819664
0.0,0.06528191
0.0,0.07232413
0.0,0.53871113
0.0,0.025168259
1.0,0.6804068
0.0,0.11127075
0.0,0.8714307
0.0,0.58278275
0.0,0.97754544
0.0,0.18952115
0.0,0.22952063
0.0,0.18946229
0.0,0.14042462
0.0,0.2637235
1.0,0.93820214
0.0,0.048413504
0.0,0.22731854
0.0,0.058233228
1.0,0.313921
0.0,0.51300776
0.0,0.7573516
0.0,0.31574142
1.0,0.95254755
0.0,0.72749764
0.0,0.092083395
1.0,0.84250766
1.0,0.9036123
1.0,0.84373033
0.0,0.17563622
1.0,0.78960246
0.0,0.5475542
1.0,0.39097026
1.0,0.56452256
0.0,0.6229784
1.0,0.7189866
0.0,0.45376536
0.0,0.6283401
0.0,0.3244787
0.0,0.25317115
0.0,0.06117343
0.0,0.47636947
0.0,0.11534652
0.0,0.046085127
0.0,0.3094533
0.0,0.23238367
1.0,0.2873814
0.0,0.06950069
0.0,0.52962506
1.0,0.88153213
0.0,0.5915622
0.0,0.28923082
0.0,0.30324233
0.0,0.23265313
0.0,0.6024244
1.0,0.9843433
0.0,0.8326962
1.0,0.9838251
0.0,0.3049157
0.0,0.20146172
0.0,0.08749382
0.0,0.15864623
0.0,0.74257785
0.0,0.09138297
1.0,0.88782233
1.0,0.118887894
0.0,0.450158
0.0,0.097534604
0.0,0.9676705
0.0,0.16962454
0.0,0.12367634
1.0,0.85618937
1.0,0.9075832
0.0,0.76183444
1.0,0.9358437
0.0,0.7588204
0.0,0.08115505
0.0,0.35068673
0.0,0.09835403
1.0,0.81876737
1.0,0.16042142
1.0,0.15090112
0.0,0.18227495
0.0,0.48578978
1.0,0.10011759
0.0,0.18261698
0.0,0.21209788
1.0,0.7355905
0.0,0.9184645
1.0,0.9440202
1.0,0.4177872
1.0,0.6884565
0.0,0.099992536
1.0,0.8269631
1.0,0.18146177
0.0,0.2418007
1.0,0.8985309
0.0,0.73484576
0.0,0.31791288
0.0,0.24499102
0.0,0.22331752
1.0,0.9670455
1.0,0.83588797
1.0,0.87296784
0.0,0.12293148
1.0,0.8144238
1.0,0.42097437
0.0,0.7048965
0.0,0.95287603
0.0,0.31365648
0.0,0.2430776
0.0,0.23457189
1.0,0.8897511
0.0,0.8755727
0.0,0.07874831
0.0,0.9242169
0.0,0.063546784
1.0,0.8859097
0.0,0.22720236
1.0,0.9175758
0.0,0.10274164
0.0,0.8323
0.0,0.5440318
1.0,0.9617282
0.0,0.14919414
0.0,0.68818617
0.0,0.10914583
0.0,0.68149775
1.0,0.08605305
0.0,0.10279411
0.0,0.101738185
0.0,0.07444802
0.0,0.06663936
0.0,0.83517116
1.0,0.9473934
0.0,0.84615076
0.0,0.24222633
0.0,0.8908258
0.0,0.103279024
0.0,0.3848145
0.0,0.9156665
0.0,0.35374564
0.0,0.8976094
0.0,0.1700625
1.0,0.86288685
0.0,0.40066728
0.0,0.32049578
0.0,0.37678728
0.0,0.10885967
0.0,0.6722036
0.0,0.6683195
0.0,0.61360735
0.0,0.057622492
0.0,0.2635033
0.0,0.22145268
0.0,0.9427187
0.0,0.04662516
0.0,0.28056622
0.0,0.90447515
0.0,0.12945752
0.0,0.08628525
0.0,0.653212
0.0,0.9177857
0.0,0.20843217
0.0,0.16487372
0.0,0.6142426
0.0,0.16359414
1.0,0.8339361
0.0,0.69927305
1.0,0.9722385
0.0,0.029022116
0.0,0.27571756
0.0,0.38593772
1.0,0.7541291
0.0,0.3534454
0.0,0.32968682
0.0,0.4084366
0.0,0.8870859
0.0,0.17428635
0.0,0.32190418
0.0,0.033155847
0.0,0.10586151
0.0,0.61278564
0.0,0.1262996
1.0,0.6180773
0.0,0.5189012
0.0,0.20057003
0.0,0.72108173
0.0,0.076927006
0.0,0.7372179
0.0,0.3678116
0.0,0.09825432
0.0,0.22802953
1.0,0.9600712
1.0,0.1674946
0.0,0.29201666
0.0,0.05421287
0.0,0.073975034
0.0,0.2927983
0.0,0.48634726
0.0,0.50279224
0.0,0.22556391
1.0,0.9080341
1.0,0.8808468
0.0,0.09726389
0.0,0.90431416
0.0,0.89691293
1.0,0.8499963
0.0,0.13328615
0.0,0.32488593
0.0,0.07897993
0.0,0.10516272
1.0,0.4586445
0.0,0.31185752
0.0,0.3061845
1.0,0.4362938
1.0,0.09719725
1.0,0.23298495
0.0,0.7682846
0.0,0.11704085
0.0,0.116101444
0.0,0.8725777
0.0,0.1979386
0.0,0.08690016
0.0,0.19417067
0.0,0.3101606
1.0,0.87749606
0.0,0.23844561
0.0,0.06257716
0.0,0.8470375
0.0,0.0619219
0.0,0.0678732
0.0,0.8794904
1.0,0.52801025
1.0,0.28478342
0.0,0.085884765
0.0,0.055288307
0.0,0.04919272
1.0,0.284858
0.0,0.37806982
1.0,0.16266803
1.0,0.18209653
1.0,0.25610977
1.0,0.09790134
1.0,0.17418556
0.0,0.6376991
0.0,0.26884592
0.0,0.3425057
1.0,0.94053316
0.0,0.40979493
0.0,0.8081765
1.0,0.1765549
1.0,0.069453984
1.0,0.8790904
1.0,0.052803006
1.0,0.39476353
1.0,0.33669156
0.0,0.10957181
1.0,0.9698788
1.0,0.9598078
0.0,0.7821357
0.0,0.8984874
0.0,0.4602635
0.0,0.4761359
0.0,0.13797458
0.0,0.4344571
0.0,0.08550192
1.0,0.948603
0.0,0.18089816
0.0,0.08181693
0.0,0.7444045
0.0,0.0634072
0.0,0.35712308
0.0,0.23476405
0.0,0.23367296
1.0,0.12289387
0.0,0.15290493
0.0,0.22067875
0.0,0.05105876
0.0,0.7412134
0.0,0.4067819
0.0,0.80466825
0.0,0.4796231
0.0,0.09048901
0.0,0.18216518
0.0,0.93392503
0.0,0.10221138
0.0,0.13957648
0.0,0.91682816
0.0,0.24267669
0.0,0.7105581
1.0,0.22030634
0.0,0.60465705
0.0,0.16286694
0.0,0.08192406
0.0,0.84107786
0.0,0.1451371
0.0,0.28822806
0.0,0.83923006
0.0,0.19503954
0.0,0.40212542
0.0,0.18831225
1.0,0.2779344
0.0,0.046278376
1.0,0.15599284
1.0,0.9292305
1.0,0.68450695
1.0,0.77360034
0.0,0.19076769
0.0,0.6256733
1.0,0.8721273
0.0,0.9220376
1.0,0.9065876
0.0,0.26363587
1.0,0.9187208
1.0,0.8920732
0.0,0.38018376
1.0,0.93134
0.0,0.36220935
1.0,0.9462933
1.0,0.97035617
1.0,0.7075403
1.0,0.956811
0.0,0.08587015
1.0,0.14437534
1.0,0.93138236
0.0,0.09780986
0.0,0.14217442
1.0,0.11361828
0.0,0.29037234
0.0,0.8979234
1.0,0.5968311
1.0,0.9491288
0.0,0.8458492
1.0,0.8830041
1.0,0.97227716
1.0,0.58168507
0.0,0.966076
0.0,0.15674213
0.0,0.13916674
0.0,0.18899398
0.0,0.83873886
0.0,0.67971206
0.0,0.5425278
1.0,0.09409737
1.0,0.21956189
1.0,0.20642117
0.0,0.09534912
0.0,0.16050248
1.0,0.98106176
0.0,0.9331434
0.0,0.5212853
1.0,0.8698186
1.0,0.41308296
0.0,0.87198454
0.0,0.15081513
0.0,0.6023523
0.0,0.19768652
0.0,0.6893769
0.0,0.85357887
0.0,0.49202275
0.0,0.72060376
0.0,0.7225234
1.0,0.20748094
1.0,0.8377974
0.0,0.21073069
0.0,0.33656698
1.0,0.94751865
1.0,0.21321937
0.0,0.47951102
0.0,0.60999167
0.0,0.41719192
0.0,0.09342808
1.0,0.94354177
1.0,0.49365085
0.0,0.8714718
1.0,0.0659105
1.0,0.91379493
0.0,0.054272756
1.0,0.074895196
1.0,0.036574315
0.0,0.15435252
0.0,0.8600222
0.0,0.6889188
1.0,0.56353354
0.0,0.44336525
0.0,0.72249335
1.0,0.86946076
0.0,0.17399836
0.0,0.330937
0.0,0.45547277
0.0,0.0930634
0.0,0.72674674
0.0,0.7962551
0.0,0.20425917
1.0,0.15445437
0.0,0.9181612
0.0,0.94437474
0.0,0.7075538
0.0,0.121990226
0.0,0.32472298
0.0,0.26346675
0.0,0.86505467
0.0,0.69779795
0.0,0.94190735
0.0,0.9110364
0.0,0.88425004
1.0,0.4742514
1.0,0.95375013
0.0,0.19800374
1.0,0.9446205
0.0,0.099905774
0.0,0.2686013
0.0,0.05968923
0.0,0.05671326
0.0,0.19070436
0.0,0.6745339
1.0,0.9533603
0.0,0.9650635
0.0,0.19376017
0.0,0.40701908
0.0,0.1178532
0.0,0.57649094
0.0,0.13663207
0.0,0.38360548
0.0,0.25639096
0.0,0.10592202
0.0,0.7637804
0.0,0.05730304
0.0,0.0861297
0.0,0.1052717
0.0,0.36180413
1.0,0.9761189
0.0,0.035091527
0.0,0.09039857
0.0,0.3552977
0.0,0.12893188
0.0,0.24587663
0.0,0.27195004
0.0,0.82111317
0.0,0.22956565
0.0,0.4588547
0.0,0.86861396
0.0,0.21317698
0.0,0.16788043
0.0,0.19489513
0.0,0.95166755
0.0,0.81337667
0.0,0.74426275
0.0,0.5192725
0.0,0.53469014
0.0,0.91285205
0.0,0.6064069
0.0,0.13536073
0.0,0.18503547
0.0,0.13237548
0.0,0.8146685
0.0,0.7969034
0.0,0.34689727
0.0,0.87415
0.0,0.08575054
1.0,0.8413001
1.0,0.49488503
1.0,0.9576899
0.0,0.2661643
0.0,0.17488618
0.0,0.18997084
0.0,0.52564484
1.0,0.8178325
0.0,0.528974
0.0,0.09804923
0.0,0.93692595
0.0,0.13516171
0.0,0.92053306
0.0,0.7576961
1.0,0.9652213
0.0,0.1232862
0.0,0.7758703
0.0,0.9226308
0.0,0.78737056
0.0,0.22071901
0.0,0.09036873
1.0,0.9734265
1.0,0.19066447
0.0,0.048038274
0.0,0.54434365
0.0,0.21021076
1.0,0.93657863
0.0,0.06431253
0.0,0.19027346
0.0,0.94520664
0.0,0.07103664
1.0,0.2301902
1.0,0.15921143
0.0,0.069717154
0.0,0.1197346
0.0,0.3992928
0.0,0.11755624
0.0,0.21131773
0.0,0.716664
0.0,0.09935752
0.0,0.10896662
1.0,0.9533105
0.0,0.11010029
0.0,0.24497144
0.0,0.19626322
0.0,0.11612433
0.0,0.8998398
0.0,0.86869615
1.0,0.8129727
0.0,0.9457817
0.0,0.17894396
0.0,0.9272841
0.0,0.745561
0.0,0.12500839
0.0,0.6488397
0.0,0.06391917
1.0,0.8249328
0.0,0.9430393
1.0,0.2834378
1.0,0.88252586
1.0,0.97528505
1.0,0.9379901
1.0,0.7459072
1.0,0.13534996
0.0,0.25314584
1.0,0.9254199
0.0,0.14557569
0.0,0.25997105
1.0,0.9630234
1.0,0.78155065
0.0,0.14197841
0.0,0.69060695
0.0,0.4266572
0.0,0.09965317
0.0,0.22420326
0.0,0.52577615
0.0,0.86473817
0.0,0.7755526
0.0,0.3811608
0.0,0.5219847
0.0,0.47198355
0.0,0.86023456
0.0,0.58467156
0.0,0.97671604
1.0,0.96310955
0.0,0.42754287
0.0,0.437771
0.0,0.43878838
1.0,0.921696
0.0,0.78980315
0.0,0.07520107
0.0,0.37641093
0.0,0.3520516
0.0,0.28004766
1.0,0.9327083
0.0,0.16754046
0.0,0.7151965
1.0,0.16027632
1.0,0.08100649
1.0,0.14745326
0.0,0.7039374
0.0,0.17284
0.0,0.8702426
1.0,0.9537721
0.0,0.28805324
0.0,0.55205065
1.0,0.88670343
1.0,0.9458936
0.0,0.3153335
1.0,0.9762021
0.0,0.41963652
0.0,0.34309655
0.0,0.48993903
1.0,0.8547726
0.0,0.27036306
0.0,0.8616394
0.0,0.7866195
1.0,0.9806379
0.0,0.76746535
0.0,0.9345876
0.0,0.14554222
0.0,0.32978022
0.0,0.92771184
1.0,0.94316864
1.0,0.97778326
1.0,0.84949476
1.0,0.94291526
0.0,0.95609695
0.0,0.8953659
0.0,0.059419397
0.0,0.86359864
0.0,0.98433924
0.0,0.93253654
0.0,0.09370928
1.0,0.70501226
0.0,0.37268087
0.0,0.09687921
0.0,0.42700714
0.0,0.19228558
0.0,0.8742217
0.0,0.07025518
0.0,0.13618039
0.0,0.2602265
0.0,0.18937951
0.0,0.24235556
0.0,0.4844849
0.0,0.03119843
1.0,0.933814
0.0,0.5127406
0.0,0.6453959
1.0,0.88205004
0.0,0.06336419
0.0,0.08939387
0.0,0.16468015
0.0,0.055363696
0.0,0.41004917
0.0,0.49779746
0.0,0.42922768
1.0,0.46763605
0.0,0.07957505
0.0,0.39948487
0.0,0.3435992
0.0,0.086451925
0.0,0.43612692
1.0,0.866298
0.0,0.7915384
0.0,0.19811879
0.0,0.8352808
0.0,0.9009366
0.0,0.613282
0.0,0.20741008
1.0,0.7497227
1.0,0.42763832
0.0,0.09752035
0.0,0.056395285
0.0,0.83283025
0.0,0.9748139
0.0,0.10772413
0.0,0.18812086
0.0,0.24974798
0.0,0.93303233
0.0,0.9383884
1.0,0.93168026
1.0,0.93026793
0.0,0.5276747
0.0,0.06752923
0.0,0.11263438
0.0,0.2669225
0.0,0.08068107
0.0,0.481053
0.0,0.85249734
0.0,0.111262515
0.0,0.30236232
1.0,0.9519248
0.0,0.8300935
1.0,0.7482306
0.0,0.32199576
0.0,0.8772285
0.0,0.13824692
0.0,0.21887627
0.0,0.5357406
1.0,0.89557326
1.0,0.7592287
1.0,0.8963772
0.0,0.7262463
1.0,0.61774284
1.0,0.76654464
1.0,0.3599003
0.0,0.7961781
1.0,0.79683983
1.0,0.7726331
1.0,0.863178
1.0,0.9243402
0.0,0.12810306
0.0,0.15171498
1.0,0.7769722
0.0,0.4750199
0.0,0.12928009
0.0,0.2694922
0.0,0.68093604
0.0,0.605781
0.0,0.78209174
0.0,0.93915755
0.0,0.16408846
0.0,0.64204746
0.0,0.044109575
0.0,0.9428117
0.0,0.38234946
0.0,0.35735297
0.0,0.4929439
0.0,0.24140763
0.0,0.55001086
1.0,0.9375038
0.0,0.22505166
1.0,0.8705785
0.0,0.23914403
0.0,0.11814687
0.0,0.06399766
1.0,0.5556675
1.0,0.4000489
1.0,0.2413458
0.0,0.9301007
0.0,0.23784174
1.0,0.6082938
1.0,0.95995927
0.0,0.9291005
0.0,0.16379945
0.0,0.32843807
0.0,0.13390924
0.0,0.05312969
0.0,0.7752194
0.0,0.124153055
0.0,0.2890571
0.0,0.7163049
0.0,0.5392801
0.0,0.14345658
1.0,0.91113585
1.0,0.9486605
0.0,0.23473018
0.0,0.6325528
0.0,0.7225131
0.0,0.056208454
0.0,0.064411104
0.0,0.6857354
1.0,0.79644954
0.0,0.4095893
0.0,0.076811604
0.0,0.58893186
0.0,0.6604728
0.0,0.24445869
0.0,0.8952032
0.0,0.0340762
0.0,0.09154825
0.0,0.92689526
1.0,0.9692676
0.0,0.253187
1.0,0.23568757
0.0,0.95973855
1.0,0.9587739
1.0,0.28516096
0.0,0.79118925
0.0,0.24325523
0.0,0.33783853
0.0,0.9250923
1.0,0.93443686
0.0,0.54500395
0.0,0.48687676
0.0,0.3100399
0.0,0.9160387
0.0,0.8891805
0.0,0.17281353
1.0,0.76897836
0.0,0.07898513
0.0,0.03396777
0.0,0.051250003
0.0,0.7713547
0.0,0.1976916
0.0,0.06242594
1.0,0.9193158
1.0,0.7041962
0.0,0.88305503
0.0,0.8836273
0.0,0.1208454
0.0,0.36822218
0.0,0.6822169
0.0,0.77844363
0.0,0.8709456
0.0,0.017364344
0.0,0.9586886
0.0,0.05563091
1.0,0.5598406
0.0,0.50591725
0.0,0.42159796
0.0,0.89465886
0.0,0.48967656
0.0,0.06778654
0.0,0.12016026
0.0,0.25957492
0.0,0.14785856
0.0,0.6966555
0.0,0.6791773
0.0,0.89182013
0.0,0.9143491
0.0,0.9656034
0.0,0.9562325
0.0,0.30134448
0.0,0.19180651
0.0,0.49342558
1.0,0.7783521
0.0,0.09508022
1.0,0.7826977
1.0,0.4887385
1.0,0.8494165
0.0,0.26082677
1.0,0.086138785
1.0,0.6311242
1.0,0.21874623
0.0,0.29114023
1.0,0.31489938
0.0,0.14421307
0.0,0.71707636
1.0,0.96230817
1.0,0.14996006
0.0,0.65512407
0.0,0.28003696
1.0,0.7673103
0.0,0.030080875
0.0,0.13222845
1.0,0.67240524
0.0,0.1897785
0.0,0.2896144
1.0,0.82474893
0.0,0.34159872
0.0,0.07886612
0.0,0.08559695
1.0,0.94561005
0.0,0.7521388
1.0,0.8822983
1.0,0.28388262
0.0,0.7798819
0.0,0.11849346
1.0,0.37507054
0.0,0.96793616
0.0,0.34163514
0.0,0.35911724
1.0,0.1216314
1.0,0.9677767
0.0,0.46088463
0.0,0.47159418
0.0,0.42995667
1.0,0.37745166
0.0,0.22548208
0.0,0.9179087
1.0,0.48978257
0.0,0.92420924
0.0,0.81160766
0.0,0.17427218
1.0,0.9498697
1.0,0.8890269
0.0,0.7806135
0.0,0.07676681
0.0,0.5500999
0.0,0.6215355
0.0,0.28227422
1.0,0.5621174
0.0,0.22493865
0.0,0.35458267
0.0,0.39201418
0.0,0.09190219
0.0,0.03584789
0.0,0.05111586
0.0,0.19381548
0.0,0.16273515
1.0,0.9509246
0.0,0.33347777
0.0,0.8908091
0.0,0.920434
0.0,0.45386338
0.0,0.84972245
0.0,0.53500265
0.0,0.94441634
0.0,0.9216552
0.0,0.92673105
0.0,0.044441406
0.0,0.10214143
0.0,0.17930152
0.0,0.46210542
0.0,0.7510549
1.0,0.7155243
0.0,0.11071104
0.0,0.042386986
1.0,0.09195985
1.0,0.9159473
1.0,0.49217576
0.0,0.11298128
0.0,0.07823104
0.0,0.63419247
1.0,0.9850669
1.0,0.8122076
0.0,0.028828437
1.0,0.66023314
0.0,0.0765001
1.0,0.89533573
0.0,0.17435972
1.0,0.8636649
0.0,0.3837791
0.0,0.86199594
0.0,0.549373
0.0,0.32186732
1.0,0.7363435
1.0,0.75294375
0.0,0.4749931
0.0,0.07215343
0.0,0.04631833
0.0,0.13900596
0.0,0.22257458
1.0,0.93596154
1.0,0.7991862
0.0,0.85938126
0.0,0.35234758
0.0,0.2788014
0.0,0.18136264
0.0,0.1633305
0.0,0.7199467
0.0,0.6783285
0.0,0.29005176
0.0,0.8013281
1.0,0.9620131
1.0,0.20139346
0.0,0.22991028
0.0,0.3535138
0.0,0.46202132
0.0,0.079798296
0.0,0.9395492
0.0,0.92338496
0.0,0.23857218
0.0,0.17193852
0.0,0.47635654
0.0,0.92086625
0.0,0.8470925
0.0,0.4075378
0.0,0.45280463
0.0,0.93191844
0.0,0.6646078
0.0,0.43094093
0.0,0.1777197
0.0,0.31086287
1.0,0.8517416
0.0,0.19824907
0.0,0.49212053
0.0,0.056779508
0.0,0.8564771
0.0,0.8822659
0.0,0.72438216
1.0,0.5088481
0.0,0.2266547
0.0,0.12084019
0.0,0.47866753
1.0,0.65918416
0.0,0.8081896
1.0,0.9526408
0.0,0.08437378
0.0,0.14921819
0.0,0.19502449
1.0,0.9137947
1.0,0.9531908
0.0,0.059855312
0.0,0.5683723
0.0,0.47342622
0.0,0.09403287
1.0,0.8538491
0.0,0.08663335
0.0,0.679414
1.0,0.912917
0.0,0.30806354
0.0,0.58971167
0.0,0.12141412
0.0,0.91109437
0.0,0.6335442
0.0,0.45640785
0.0,0.2779931
0.0,0.5047946
0.0,0.17222773
1.0,0.5186643
1.0,0.5755806
0.0,0.5216089
0.0,0.16559708
0.0,0.7089398
0.0,0.28720242
0.0,0.85593414
0.0,0.1977278
0.0,0.57610875
0.0,0.79245913
0.0,0.85610795
0.0,0.17677887
0.0,0.2624903
0.0,0.8322323
0.0,0.3050292
0.0,0.8000244
0.0,0.23526703
0.0,0.2518254
0.0,0.31691036
1.0,0.9616968
0.0,0.76049817
1.0,0.6274731
1.0,0.8172687
0.0,0.4061047
0.0,0.74346775
1.0,0.9034076
1.0,0.82157755
1.0,0.94512784
0.0,0.6404138
0.0,0.7646501
0.0,0.7377911
1.0,0.91244847
0.0,0.7919046
1.0,0.9362314
1.0,0.91231316
0.0,0.2540422
0.0,0.92569005
0.0,0.64567506
0.0,0.052666422
0.0,0.11292154
1.0,0.14629422
1.0,0.5888872
0.0,0.9775214
0.0,0.22511795
0.0,0.27672467
0.0,0.66410995
1.0,0.75449044
0.0,0.55977315
1.0,0.54482436
1.0,0.6307481
0.0,0.19262694
0.0,0.6771376
0.0,0.103668265
0.0,0.6296984
0.0,0.10675714
1.0,0.62980723
0.0,0.928716
0.0,0.25543603
0.0,0.29623705
0.0,0.9294423
0.0,0.29010728
0.0,0.26170436
0.0,0.6793403
0.0,0.1821496
0.0,0.40335923
0.0,0.15606068
1.0,0.9231507
1.0,0.6405347
0.0,0.60016644
0.0,0.62156475
0.0,0.13854057
0.0,0.21339671
0.0,0.6493206
0.0,0.8816512
0.0,0.84996593
1.0,0.18581676
0.0,0.6860143
0.0,0.13356546
0.0,0.6331997
1.0,0.831272
0.0,0.15124618
0.0,0.083846055
0.0,0.48218462
0.0,0.9296522
0.0,0.20094423
0.0,0.1388927
1.0,0.8658409
0.0,0.15314834
0.0,0.5061845
0.0,0.24750185
0.0,0.08984565
0.0,0.22010404
0.0,0.22900602
0.0,0.20144929
1.0,0.19251198
1.0,0.80277747
0.0,0.16288412
0.0,0.5644794
0.0,0.10931136
0.0,0.15287279
1.0,0.9114416
0.0,0.127442
0.0,0.09021497
0.0,0.6278419
0.0,0.48988304
1.0,0.31895116
0.0,0.44960415
0.0,0.7148274
0.0,0.08334498
0.0,0.13607654
0.0,0.20286569
0.0,0.7579279
0.0,0.7298253
0.0,0.17121184
0.0,0.34079963
0.0,0.22565885
0.0,0.05973809
1.0,0.974448
0.0,0.27658287
0.0,0.31061494
0.0,0.67340535
0.0,0.17974679
0.0,0.06944987
0.0,0.4397218
0.0,0.097712144
0.0,0.8967601
0.0,0.2528706
0.0,0.10440012
0.0,0.10739235
1.0,0.8191578
0.0,0.2123549
0.0,0.12400513
0.0,0.741001
0.0,0.07528538
0.0,0.5019321
0.0,0.1686141
0.0,0.09337728
1.0,0.8784716
0.0,0.34879455
0.0,0.82954687
0.0,0.18662468
0.0,0.59781
1.0,0.9321758
1.0,0.85541904
1.0,0.97899824
1.0,0.33333072
1.0,0.15764701
0.0,0.25366968
0.0,0.12676392
0.0,0.32825947
0.0,0.10727005
0.0,0.28093833
1.0,0.98399895
1.0,0.9561097
1.0,0.97314507
0.0,0.87528545
1.0,0.8171348
1.0,0.84986895
0.0,0.12242706
0.0,0.049111176
0.0,0.21850982
0.0,0.39812037
0.0,0.93391985
0.0,0.16976954
0.0,0.68946207
0.0,0.50313693
0.0,0.5012238
0.0,0.9810642
0.0,0.9373059
0.0,0.7128478
1.0,0.86075914
1.0,0.8403589
0.0,0.13057375
0.0,0.5416301
1.0,0.9684364
1.0,0.9548369
1.0,0.5324818
0.0,0.19206975
0.0,0.26823235
0.0,0.2801207
0.0,0.7376079
1.0,0.86024433
0.0,0.65781796
0.0,0.41843712
1.0,0.90866894
0.0,0.15316206
0.0,0.15529025
0.0,0.10297541
0.0,0.27379796
0.0,0.3851311
1.0,0.95796937
0.0,0.89837164
1.0,0.9550706
0.0,0.45003
0.0,0.87920785
0.0,0.08142006
0.0,0.23381923
0.0,0.101147324
1.0,0.45490322
0.0,0.08364805
1.0,0.77747923
1.0,0.92724967
0.0,0.69510955
0.0,0.35338494
0.0,0.052146062
0.0,0.122705534
0.0,0.7702891
1.0,0.49437013
0.0,0.23339987
0.0,0.18246505
0.0,0.64198905
0.0,0.54596907
0.0,0.6516887
1.0,0.92183155
1.0,0.98541945
0.0,0.90252453
0.0,0.104798324
0.0,0.79384625
0.0,0.1364327
0.0,0.17994203
0.0,0.30662003
1.0,0.94148177
0.0,0.100155085
0.0,0.1838642
0.0,0.42462406
0.0,0.4510927
0.0,0.80729336
0.0,0.09304215
0.0,0.7220483
1.0,0.5804866
1.0,0.08029135
1.0,0.6922044
1.0,0.9342947
0.0,0.07709919
0.0,0.7674405
0.0,0.12904757
1.0,0.8661564
0.0,0.15988772
1.0,0.5454391
0.0,0.6219476
0.0,0.14793578
1.0,0.9248096
0.0,0.06325962
1.0,0.7298771
1.0,0.6630375
0.0,0.7576054
0.0,0.7297064
0.0,0.6170471
1.0,0.9643248
0.0,0.5425949
0.0,0.3685887
0.0,0.614617
0.0,0.96441513
0.0,0.6320045
0.0,0.37917376
0.0,0.20933032
0.0,0.20314103
0.0,0.0716142
0.0,0.12603575
1.0,0.9091452
0.0,0.0825918
1.0,0.82383263
0.0,0.118754126
0.0,0.68711376
1.0,0.38187286
0.0,0.15082908
0.0,0.7044499
0.0,0.3569401
0.0,0.20270975
0.0,0.09290554
0.0,0.6488688
1.0,0.9820287
1.0,0.9703078
0.0,0.4389135
1.0,0.9320104
1.0,0.71949106
0.0,0.93254054
0.0,0.07990855
0.0,0.31567675
0.0,0.16756667
0.0,0.17872286
0.0,0.21907766
1.0,0.52744716
0.0,0.51068157
0.0,0.097071566
0.0,0.574492
1.0,0.8237756
1.0,0.94871914
1.0,0.19752254
0.0,0.7174192
1.0,0.9648533
0.0,0.41448063
1.0,0.90366215
0.0,0.6066243
1.0,0.9742387
1.0,0.9477559
1.0,0.75587237
0.0,0.34072596
0.0,0.95935076
0.0,0.07739298
0.0,0.62691396
1.0,0.07679201
0.0,0.39359787
0.0,0.32117468
1.0,0.92754835
0.0,0.07401117
0.0,0.18541186
0.0,0.40888342
1.0,0.93099093
0.0,0.63389957
1.0,0.36127758
0.0,0.7574778
0.0,0.049853288
0.0,0.15559761
0.0,0.20337869
0.0,0.15794793
0.0,0.70449996
1.0,0.9556233
0.0,0.23707278
0.0,0.57417166
0.0,0.5479595
0.0,0.5479595
0.0,0.52291703
0.0,0.6225545
0.0,0.5539686
1.0,0.8865538
1.0,0.13493294
0.0,0.1782538
1.0,0.92674667
1.0,0.8950735
0.0,0.7235025
0.0,0.9267081
0.0,0.12715241
0.0,0.034445025
0.0,0.5234531
1.0,0.50827277
0.0,0.25717747
1.0,0.5076725
1.0,0.083371766
1.0,0.9441478
0.0,0.13904247
0.0,0.059544027
1.0,0.088896886
0.0,0.044459533
0.0,0.12257465
0.0,0.18124399
0.0,0.5191289
0.0,0.15185995
0.0,0.7927955
0.0,0.5374687
0.0,0.1593431
0.0,0.16623943
1.0,0.4348325
1.0,0.26408467
0.0,0.3084302
0.0,0.5181403
1.0,0.07780236
1.0,0.17400925
1.0,0.21726485
0.0,0.9540254
0.0,0.84597486
0.0,0.4786465
0.0,0.4198874
0.0,0.08129232
1.0,0.90008515
0.0,0.9501771
0.0,0.8166173
0.0,0.20089129
0.0,0.27695438
0.0,0.15861431
1.0,0.9500392
0.0,0.81154215
1.0,0.95835084
0.0,0.25717527
0.0,0.27204162
0.0,0.057561427
1.0,0.7608789
0.0,0.07023321
0.0,0.59291005
0.0,0.5309099
0.0,0.32620114
0.0,0.50761867
0.0,0.228963
1.0,0.8848943
1.0,0.9073105
0.0,0.19965926
0.0,0.023250435
0.0,0.9097101
0.0,0.6382466
1.0,0.5561951
1.0,0.91963917
0.0,0.23377833
1.0,0.33310714
1.0,0.6006637
0.0,0.16559158
0.0,0.40498486
0.0,0.29269862
1.0,0.22674066
0.0,0.5199177
0.0,0.11137035
0.0,0.6097672
0.0,0.018125642
0.0,0.22173731
1.0,0.8935834
0.0,0.118064776
0.0,0.917594
0.0,0.082494244
0.0,0.93291444
0.0,0.14540118
1.0,0.54683083
1.0,0.95805985
1.0,0.9249829
0.0,0.80905676
1.0,0.7279776
0.0,0.84274524
0.0,0.5969635
0.0,0.14599094
1.0,0.029782102
0.0,0.112345226
0.0,0.8176669
1.0,0.89840734
0.0,0.06240832
0.0,0.039983246
1.0,0.55293405
1.0,0.049492564
1.0,0.71243596
0.0,0.73162645
0.0,0.70917857
1.0,0.8855083
1.0,0.84637046
1.0,0.81157714
0.0,0.75144166
0.0,0.2335615
0.0,0.34656525
0.0,0.27656615
0.0,0.8805754
1.0,0.16348387
1.0,0.9837557
1.0,0.7659742
1.0,0.8569001
1.0,0.8619699
0.0,0.12102601
0.0,0.049216893
0.0,0.5552947
1.0,0.92970014
1.0,0.7459313
1.0,0.9721013
1.0,0.7638625
0.0,0.5541067
1.0,0.94344157
1.0,0.07546292
0.0,0.17412898
1.0,0.95093507
1.0,0.8087299
0.0,0.5192665
0.0,0.08586257
1.0,0.038836915
0.0,0.31345165
0.0,0.15376872
0.0,0.34904987
0.0,0.24950302
1.0,0.9818179
1.0,0.9402067
1.0,0.9652528
0.0,0.9482052
1.0,0.89159524
0.0,0.11607444
0.0,0.7525753
0.0,0.9154462
0.0,0.48203743
0.0,0.19841778
0.0,0.09188876
1.0,0.7679368
1.0,0.03065738
0.0,0.03557852
0.0,0.7471436
0.0,0.8731033
0.0,0.5958817
0.0,0.89085585
0.0,0.15943186
0.0,0.16199619
0.0,0.9132077
0.0,0.061148796
0.0,0.9088816
0.0,0.027313335
1.0,0.31372523
0.0,0.05378821
0.0,0.04674022
0.0,0.07421496
1.0,0.91366774
1.0,0.94651973
1.0,0.9234978
1.0,0.924612
1.0,0.79948014
0.0,0.041402325
0.0,0.82435274
0.0,0.4941962
0.0,0.072016165
0.0,0.022152185
0.0,0.07423148
0.0,0.19594088
1.0,0.41160142
0.0,0.8354
0.0,0.20436652
0.0,0.95696527
1.0,0.8752745
0.0,0.8523475
0.0,0.33026415
0.0,0.18535683
0.0,0.4508123
0.0,0.90666294
0.0,0.08818559
0.0,0.5935785
0.0,0.80825704
1.0,0.98549694
0.0,0.06706344
0.0,0.1775231
1.0,0.68148094
0.0,0.07193257
1.0,0.79211366
1.0,0.7820794
1.0,0.5307375
1.0,0.4599853
1.0,0.72163993
0.0,0.8838571
0.0,0.5965797
0.0,0.15186104
0.0,0.7581484
1.0,0.97622377
1.0,0.9695059
0.0,0.8252342
1.0,0.6665569
0.0,0.112389326
0.0,0.1071169
0.0,0.094868354
0.0,0.27103978
0.0,0.16902445
0.0,0.65848935
0.0,0.6413321
0.0,0.122879244
0.0,0.06739727
0.0,0.04685866
0.0,0.31203124
0.0,0.15210523
0.0,0.29298717
0.0,0.084373266
0.0,0.72911155
0.0,0.48132074
0.0,0.93845594
0.0,0.206921
0.0,0.640631
0.0,0.26530507
1.0,0.6836919
0.0,0.22871706
0.0,0.12903519
0.0,0.13765898
0.0,0.087665975
0.0,0.28562948
1.0,0.9174673
0.0,0.28673303
0.0,0.1938392
0.0,0.9395574
1.0,0.876541
1.0,0.96872354
0.0,0.9584921
1.0,0.8605643
0.0,0.07538644
1.0,0.24650905
0.0,0.45135316
1.0,0.9470716
0.0,0.2026147
0.0,0.09218171
1.0,0.0960844
0.0,0.31691507
0.0,0.78762573
1.0,0.2805207
0.0,0.28897864
0.0,0.07460889
0.0,0.7710972
0.0,0.18289165
1.0,0.9389607
0.0,0.091528386
1.0,0.9368985
0.0,0.6631524
0.0,0.6602291
0.0,0.25124368
0.0,0.21174468
1.0,0.78610337
1.0,0.23423098
0.0,0.51001316
1.0,0.92940885
0.0,0.13264324
0.0,0.37419993
0.0,0.06551637
0.0,0.87982476
0.0,0.828863
0.0,0.09131096
1.0,0.12597133
0.0,0.4277384
0.0,0.06764315
0.0,0.7358035
1.0,0.8147114
0.0,0.86674136
0.0,0.92147994
0.0,0.7029479
0.0,0.06767846
1.0,0.3821135
0.0,0.872415
1.0,0.5325691
0.0,0.4323293
0.0,0.8095749
0.0,0.10795263
1.0,0.9739623
1.0,0.44503447
0.0,0.27594566
0.0,0.10063569
0.0,0.3627792
1.0,0.9471044
0.0,0.10665686
0.0,0.6824494
1.0,0.49846613
1.0,0.21346873
1.0,0.059428275
0.0,0.8851571
0.0,0.7957932
0.0,0.79556656
0.0,0.86323583
0.0,0.104899615
0.0,0.32106212
1.0,0.9724591
1.0,0.875083
1.0,0.93972117
0.0,0.091755375
0.0,0.17014918
1.0,0.078860395
0.0,0.048633114
1.0,0.9081046
0.0,0.51959515
1.0,0.96343684
0.0,0.4817066
0.0,0.4396958
0.0,0.7701955
0.0,0.26575258
0.0,0.2639043
0.0,0.45547786
0.0,0.06819859
1.0,0.5297101
1.0,0.07933289
1.0,0.95501995
0.0,0.20300347
0.0,0.08844646
0.0,0.15433428
1.0,0.7470044
0.0,0.9574515
0.0,0.42780268
0.0,0.31672835
0.0,0.35119116
0.0,0.53871673
1.0,0.91919494
1.0,0.81157887
1.0,0.9394996
0.0,0.25994954
1.0,0.85156447
0.0,0.41030157
0.0,0.320872
0.0,0.72735167
0.0,0.8598174
0.0,0.12948093
0.0,0.30162245
0.0,0.13154365
0.0,0.09390081
0.0,0.2849155
1.0,0.15987238
0.0,0.19007906
0.0,0.07256319
0.0,0.2627487
1.0,0.96937513
0.0,0.077199325
0.0,0.5794861
0.0,0.5267416
0.0,0.8209537
1.0,0.74082065
0.0,0.9393028
1.0,0.9423433
1.0,0.77894014
1.0,0.8659248
1.0,0.5692579
0.0,0.072883934
0.0,0.76995254
1.0,0.8573543
0.0,0.08020449
1.0,0.8003087
1.0,0.27970052
0.0,0.13377307
0.0,0.84203196
1.0,0.90299535
0.0,0.081065916
0.0,0.22391196
0.0,0.110362425
0.0,0.5542255
0.0,0.50936204
0.0,0.43277717
0.0,0.41999513
0.0,0.045060076
0.0,0.11082223
0.0,0.80468196
0.0,0.16093723
0.0,0.08799258
0.0,0.34220198
1.0,0.11010608
0.0,0.3070834
0.0,0.84175414
0.0,0.64457804
0.0,0.32278138
0.0,0.059839476
0.0,0.62563264
0.0,0.69799864
0.0,0.24843104
0.0,0.06305418
0.0,0.55036205
0.0,0.58957607
0.0,0.5212032
0.0,0.47985432
0.0,0.36918193
0.0,0.12963045
0.0,0.7562064
0.0,0.38764033
0.0,0.3483274
0.0,0.24600469
0.0,0.36897817
0.0,0.3649209
0.0,0.91392106
0.0,0.12829232
0.0,0.53278416
1.0,0.81479037
1.0,0.8147089
0.0,0.14392397
0.0,0.67480415
0.0,0.8621599
0.0,0.62836146
0.0,0.10829816
1.0,0.19247122
0.0,0.10172703
0.0,0.40763247
0.0,0.5054197
1.0,0.9044599
0.0,0.5895981
1.0,0.9222444
1.0,0.77061754
0.0,0.5462612
0.0,0.46845213
0.0,0.9503571
0.0,0.5950241
0.0,0.14668648
0.0,0.051589597
0.0,0.43117836
0.0,0.07712019
0.0,0.23038633
1.0,0.14610782
1.0,0.88343275
0.0,0.17517717
0.0,0.13568185
0.0,0.73465115
0.0,0.014457824
0.0,0.28898227
0.0,0.74152833
1.0,0.96686137
0.0,0.11852275
0.0,0.3802143
0.0,0.8857176
0.0,0.22221304
0.0,0.69885814
0.0,0.41195697
0.0,0.62864375
1.0,0.17896928
0.0,0.6349115
0.0,0.21840465
0.0,0.95059305
0.0,0.68105346
0.0,0.7331511
0.0,0.44050226
0.0,0.9211791
1.0,0.87650514
1.0,0.09574747
0.0,0.08117368
1.0,0.2574695
0.0,0.37569168
0.0,0.29188386
0.0,0.7043194
0.0,0.06698798
0.0,0.09129606
0.0,0.16414647
0.0,0.94298935
0.0,0.080043636
0.0,0.08248728
0.0,0.50102323
1.0,0.9715092
0.0,0.7916732
1.0,0.90110296
1.0,0.83782846
1.0,0.9200159
1.0,0.9529571
0.0,0.10954408
0.0,0.03947402
0.0,0.79541296
0.0,0.14904244
1.0,0.21552914
1.0,0.9208231
1.0,0.7711084
0.0,0.54384047
0.0,0.15704711
1.0,0.62156963
0.0,0.9194198
0.0,0.8588755
0.0,0.1194541
0.0,0.7190867
0.0,0.7341535
1.0,0.97624695
0.0,0.0874048
0.0,0.07950027
0.0,0.1490805
0.0,0.5802688
0.0,0.44965658
0.0,0.12896767
0.0,0.9217833
1.0,0.9846823
0.0,0.5053143
0.0,0.43217847
1.0,0.9604803
0.0,0.49145016
0.0,0.17164558
0.0,0.90112376
1.0,0.9102894
1.0,0.53559417
0.0,0.37924826
1.0,0.82557887
1.0,0.9121999
1.0,0.5483771
0.0,0.83069575
0.0,0.09633345
0.0,0.09067413
1.0,0.6177574
0.0,0.030154048
1.0,0.8894885
1.0,0.80143774
0.0,0.538354
1.0,0.9634509
1.0,0.8956366
0.0,0.20194836
1.0,0.90392894
0.0,0.076441355
0.0,0.9566074
0.0,0.2290589
1.0,0.9321059
0.0,0.35055158
0.0,0.22490627
1.0,0.75181735
0.0,0.1580296
1.0,0.8879432
1.0,0.95653975
0.0,0.07953945
0.0,0.7282704
0.0,0.33304152
0.0,0.11141428
0.0,0.1415666
0.0,0.14433205
0.0,0.0795882
1.0,0.97967786
0.0,0.4352528
0.0,0.28786883
0.0,0.07108107
0.0,0.20484062
0.0,0.9185557
1.0,0.5828743
0.0,0.14350522
0.0,0.13167089
0.0,0.08344813
0.0,0.24683133
0.0,0.47324574
0.0,0.16661204
0.0,0.8855013
1.0,0.9612167
0.0,0.07918184
0.0,0.10485318
1.0,0.17198299
1.0,0.8274733
1.0,0.9487492
0.0,0.26467693
0.0,0.2925283
0.0,0.0425429
0.0,0.43906158
0.0,0.62042457
0.0,0.5163422
0.0,0.90419054
0.0,0.86133635
0.0,0.8040995
0.0,0.9264689
1.0,0.9223331
0.0,0.47749504
0.0,0.2545512
0.0,0.72043425
0.0,0.10774278
0.0,0.9081629
1.0,0.9559579
1.0,0.91612154
1.0,0.20828862
1.0,0.93299985
1.0,0.19947247
0.0,0.0619826
0.0,0.953932
1.0,0.86225986
0.0,0.19361088
0.0,0.6574809
0.0,0.263656
1.0,0.9294676
0.0,0.2073874
0.0,0.47042462
0.0,0.34380287
0.0,0.29930592
0.0,0.17319264
0.0,0.16736785
0.0,0.29090843
1.0,0.92721766
1.0,0.8116739
1.0,0.95260715
1.0,0.94293225
1.0,0.64849424
1.0,0.9528427
1.0,0.7774579
1.0,0.7662835
1.0,0.23593621
1.0,0.060852367
1.0,0.704481
1.0,0.3692461
0.0,0.32972062
1.0,0.8917322
1.0,0.9724325
1.0,0.8839857
0.0,0.7799745
0.0,0.067250945
0.0,0.10246472
0.0,0.3983184
0.0,0.0722372
0.0,0.37599942
0.0,0.5166186
0.0,0.32224324
0.0,0.67533433
0.0,0.56411713
0.0,0.3110263
0.0,0.09858007
1.0,0.89396954
0.0,0.7785144
0.0,0.48110023
0.0,0.12808272
0.0,0.3230533
0.0,0.10807412
1.0,0.53994936
0.0,0.119105406
1.0,0.8979695
1.0,0.88836
0.0,0.07679542
0.0,0.032770924
0.0,0.020973252
0.0,0.8448434
0.0,0.26211834
0.0,0.18672188
0.0,0.88592327
1.0,0.8563986
0.0,0.07236741
0.0,0.5485427
0.0,0.83109176
0.0,0.29929155
1.0,0.16427846
0.0,0.8330412
0.0,0.6351091
1.0,0.6876489
0.0,0.10158163
0.0,0.30365306
0.0,0.6595782
0.0,0.37849233
1.0,0.40875944
1.0,0.40655482
0.0,0.7992759
0.0,0.28198373
0.0,0.26430905
0.0,0.5856603
0.0,0.27221212
0.0,0.11014066
1.0,0.83517814
0.0,0.8113443
0.0,0.0872737
0.0,0.19977973
0.0,0.49979147
0.0,0.08337813
1.0,0.41557956
0.0,0.7931098
0.0,0.12717813
1.0,0.59264565
0.0,0.23446405
0.0,0.8989061
0.0,0.8084705
1.0,0.92284334
1.0,0.5856902
0.0,0.888872
0.0,0.8802826
0.0,0.76432246
0.0,0.076127544
1.0,0.67536247
1.0,0.855281
1.0,0.45759183
0.0,0.9622374
0.0,0.3766871
1.0,0.88896877
1.0,0.46331474
0.0,0.11517087
0.0,0.24210458
0.0,0.28461567
0.0,0.55020064
0.0,0.24778533
1.0,0.818549
1.0,0.2984296
0.0,0.20325358
1.0,0.072136715
0.0,0.06196304
0.0,0.7315836
0.0,0.3584998
0.0,0.2806195
0.0,0.96426123
0.0,0.16269782
0.0,0.40552387
0.0,0.15424648
0.0,0.9117659
1.0,0.89779973
0.0,0.40613827
0.0,0.32698178
1.0,0.9765207
0.0,0.1384996
0.0,0.9619993
0.0,0.94481415
0.0,0.49764243
0.0,0.7671673
0.0,0.9186449
0.0,0.90552694
1.0,0.6092083
0.0,0.65445656
1.0,0.9043763
0.0,0.12184843
1.0,0.1955899
1.0,0.948159
0.0,0.43058047
0.0,0.8173386
1.0,0.93470603
0.0,0.9196373
1.0,0.8318348
0.0,0.43386024
0.0,0.7931044
0.0,0.09198721
1.0,0.0973159
1.0,0.9016316
1.0,0.9142393
0.0,0.416716
1.0,0.79723144
0.0,0.79276013
0.0,0.94884264
0.0,0.13444263
0.0,0.1417786
1.0,0.93781734
0.0,0.8573761
0.0,0.15565376
0.0,0.5999202
0.0,0.23967451
0.0,0.17247166
0.0,0.37109736
0.0,0.15934524
0.0,0.7418194
0.0,0.82368916
0.0,0.41860646
0.0,0.9147258
1.0,0.64548874
1.0,0.8851542
0.0,0.2774035
0.0,0.122717775
0.0,0.11837362
1.0,0.12631272
1.0,0.5940152
1.0,0.37464234
1.0,0.6785424
1.0,0.9672802
1.0,0.90348595
0.0,0.96311784
0.0,0.09481989
1.0,0.9422268
1.0,0.8376964
0.0,0.0983768
0.0,0.25084373
0.0,0.15924099
0.0,0.1831173
0.0,0.16433759
0.0,0.115359135
0.0,0.8175459
0.0,0.08217441
0.0,0.32779735
1.0,0.8744533
0.0,0.26585636
0.0,0.09396259
0.0,0.30263743
0.0,0.881884
0.0,0.2177887
0.0,0.6605798
1.0,0.9194639
1.0,0.8147711
0.0,0.023636002
0.0,0.22375564
1.0,0.4134034
1.0,0.8543147
0.0,0.3615862
0.0,0.5469878
1.0,0.81635725
1.0,0.87104243
0.0,0.9414252
0.0,0.24118713
0.0,0.12146569
0.0,0.43872884
0.0,0.28709155
0.0,0.25861695
0.0,0.84212637
0.0,0.9383325
0.0,0.63141584
1.0,0.9657956
0.0,0.45499232
0.0,0.58469933
0.0,0.16538365
1.0,0.69447553
0.0,0.94315445
0.0,0.9188518
0.0,0.54184884
0.0,0.4314052
0.0,0.11837121
0.0,0.28659195
0.0,0.50820863
0.0,0.4489894
0.0,0.15281487
0.0,0.38211295
1.0,0.7098264
0.0,0.07189535
0.0,0.63988644
0.0,0.75604
1.0,0.905515
0.0,0.51348484
0.0,0.65665656
0.0,0.058024466
0.0,0.12425944
0.0,0.27461508
0.0,0.19027841
1.0,0.9818045
1.0,0.9438644
1.0,0.9601431
1.0,0.95797414
0.0,0.42672414
1.0,0.9662193
1.0,0.52842706
1.0,0.92173004
0.0,0.24785538
0.0,0.59278363
0.0,0.8233324
1.0,0.7117833
0.0,0.89482695
0.0,0.44577175
0.0,0.8204462
0.0,0.31008002
0.0,0.521316
0.0,0.82373375
0.0,0.15797327
0.0,0.09729565
0.0,0.5794704
0.0,0.10350137
0.0,0.08230106
0.0,0.9417377
0.0,0.8284666
1.0,0.2736548
0.0,0.56968063
0.0,0.51476675
0.0,0.33189708
1.0,0.4897718
1.0,0.09528472
1.0,0.64183396
0.0,0.926693
1.0,0.5899584
0.0,0.357153
0.0,0.8642707
0.0,0.029354842
0.0,0.8197321
1.0,0.7312424
0.0,0.07693572
0.0,0.19255683
0.0,0.32719016
0.0,0.1792222
0.0,0.8217988
1.0,0.52886677
0.0,0.19925086
0.0,0.20455393
0.0,0.12428843
1.0,0.30814284
1.0,0.050906274
0.0,0.43939093
0.0,0.82996505
1.0,0.38060084
0.0,0.6350755
0.0,0.8990349
0.0,0.90050435
0.0,0.89349926
0.0,0.64147043
0.0,0.8090118
0.0,0.7326038
1.0,0.95055544
0.0,0.07023607
1.0,0.9600755
0.0,0.9708417
0.0,0.0889099
1.0,0.9551361
0.0,0.62532425
0.0,0.3318266
0.0,0.15244105
0.0,0.10234012
0.0,0.07884576
0.0,0.043089826
0.0,0.8258076
0.0,0.91067016
0.0,0.46425897
0.0,0.74946856
0.0,0.3185718
1.0,0.9417956
0.0,0.11315166
0.0,0.1759596
0.0,0.20290971
0.0,0.12329965
0.0,0.28985205
0.0,0.22655083
0.0,0.38877067
0.0,0.7526461
1.0,0.947663
0.0,0.34337637
0.0,0.06257117
0.0,0.083783865
0.0,0.9622763
0.0,0.19390059
0.0,0.34608114
0.0,0.81375563
0.0,0.5039802
0.0,0.74563456
1.0,0.81768167
0.0,0.20355426
1.0,0.935334
0.0,0.47632882
0.0,0.34320104
0.0,0.04435693
0.0,0.04738866
0.0,0.14231761
0.0,0.09444534
1.0,0.7337597
1.0,0.7905055
0.0,0.77153724
1.0,0.91210014
0.0,0.768812
0.0,0.38174674
0.0,0.22646305
1.0,0.8378422
0.0,0.78741926
1.0,0.8909676
0.0,0.14926435
1.0,0.88860077
0.0,0.37405312
0.0,0.14710554
0.0,0.32432517
0.0,0.5324695
0.0,0.70767945
1.0,0.50438726
0.0,0.19021471
1.0,0.59457
0.0,0.28633136
0.0,0.57538086
0.0,0.78716713
1.0,0.8617779
0.0,0.78631943
0.0,0.6685325
1.0,0.8949882
0.0,0.24010791
0.0,0.24180312
0.0,0.9035045
0.0,0.69670916
0.0,0.31437105
0.0,0.109969094
0.0,0.1691726
0.0,0.8546677
1.0,0.8595987
0.0,0.02712034
0.0,0.11931401
0.0,0.65472186
0.0,0.82681036
0.0,0.5246172
0.0,0.2463483
0.0,0.0918853
0.0,0.18141553
0.0,0.1831806
0.0,0.0881096
0.0,0.1430016
1.0,0.6661828
1.0,0.950276
1.0,0.81336665
0.0,0.8139802
0.0,0.6699475
0.0,0.89115864
1.0,0.09110344
0.0,0.13211359
0.0,0.08547051
1.0,0.73359764
1.0,0.67542094
0.0,0.66724443
0.0,0.11712203
0.0,0.42540643
1.0,0.90224624
1.0,0.16203701
0.0,0.36938956
0.0,0.28285792
0.0,0.14630374
0.0,0.092883214
0.0,0.3899881
0.0,0.2764428
0.0,0.051853895
1.0,0.84200686
0.0,0.3920103
0.0,0.29869607
0.0,0.2158445
0.0,0.31455582
0.0,0.2953546
0.0,0.124213934
0.0,0.6645488
0.0,0.288934
0.0,0.05669908
0.0,0.3677674
0.0,0.90999144
0.0,0.9692749
0.0,0.1787494
0.0,0.9322832
0.0,0.7956888
0.0,0.8691545
0.0,0.72843474
0.0,0.96576667
1.0,0.9295251
0.0,0.6667843
1.0,0.9553035
1.0,0.9214319
1.0,0.9439655
1.0,0.92824835
0.0,0.08414362
1.0,0.8953646
1.0,0.44338924
0.0,0.3476875
0.0,0.7010349
0.0,0.6527823
0.0,0.7062478
0.0,0.60427314
0.0,0.18613611
1.0,0.20952424
0.0,0.8044689
1.0,0.29358923
0.0,0.33552945
1.0,0.9752855
1.0,0.96596587
1.0,0.5190542
0.0,0.2174218
0.0,0.07723075
0.0,0.9741556
0.0,0.9664111
0.0,0.3675492
0.0,0.91177094
0.0,0.05299278
1.0,0.86129427
0.0,0.7868248
0.0,0.36904055
0.0,0.43168062
1.0,0.5909881
0.0,0.84151787
1.0,0.9144056
0.0,0.4944413
0.0,0.46938625
0.0,0.9284123
1.0,0.88474876
0.0,0.1543493
1.0,0.8952968
1.0,0.9101648
1.0,0.06852929
1.0,0.26894307
0.0,0.1423726
0.0,0.11452837
0.0,0.22975014
0.0,0.42514795
0.0,0.8845664
0.0,0.21642792
1.0,0.9114663
0.0,0.11486959
0.0,0.112794474
0.0,0.077500746
1.0,0.6069582
1.0,0.93534666
0.0,0.6878541
1.0,0.84382504
0.0,0.73465
0.0,0.81873405
1.0,0.806415
0.0,0.07127158
0.0,0.5175021
0.0,0.5864598
1.0,0.93677044
0.0,0.6152021
0.0,0.867446
1.0,0.2110142
1.0,0.9532877
0.0,0.91974795
0.0,0.70996046
0.0,0.35483736
1.0,0.9306785
0.0,0.64585274
1.0,0.7916682
0.0,0.98064524
0.0,0.110256635
1.0,0.9508043
0.0,0.051910285
0.0,0.1735844
0.0,0.9074541
1.0,0.83572024
1.0,0.89146984
0.0,0.8951553
1.0,0.91997033
1.0,0.75549006
0.0,0.2657037
0.0,0.66788113
0.0,0.4299742
1.0,0.68470323
0.0,0.1702896
0.0,0.4471235
0.0,0.1861738
0.0,0.2058419
1.0,0.8311677
0.0,0.63383526
0.0,0.92035484
0.0,0.92255867
0.0,0.87448543
1.0,0.9308367
0.0,0.31247565
0.0,0.7911136
0.0,0.08824658
0.0,0.89965093
0.0,0.66194224
0.0,0.50836533
1.0,0.8018184
1.0,0.97116244
0.0,0.27725527
0.0,0.41729847
0.0,0.9591284
0.0,0.15553378
1.0,0.98067504
0.0,0.48183158
0.0,0.34373212
0.0,0.76579034
0.0,0.39104185
1.0,0.17584033
0.0,0.22764334
0.0,0.8349141
1.0,0.9083502
0.0,0.14544258
0.0,0.296929
0.0,0.36811927
0.0,0.21649854
0.0,0.082992755
0.0,0.35971406
1.0,0.98685986
0.0,0.14814001
0.0,0.54559827
0.0,0.10078331
0.0,0.10084283
0.0,0.2695477
1.0,0.28127578
1.0,0.29282647
0.0,0.80704904
1.0,0.95829445
0.0,0.05538017
0.0,0.18807818
0.0,0.27259165
0.0,0.058603734
0.0,0.14551446
0.0,0.052595474
0.0,0.17890574
0.0,0.2559868
0.0,0.050668266
1.0,0.9792835
0.0,0.78532124
0.0,0.8057554
0.0,0.5944862
1.0,0.93689907
0.0,0.78570956
0.0,0.2843434
0.0,0.90902084
0.0,0.48184538
0.0,0.52290344
0.0,0.21171339
0.0,0.04159307
1.0,0.2443106
0.0,0.13070846
0.0,0.8057141
0.0,0.91742676
0.0,0.1283783
0.0,0.07156735
0.0,0.35473558
0.0,0.077701695
0.0,0.92463154
0.0,0.95586663
0.0,0.7826892
0.0,0.31471258
0.0,0.91428083
0.0,0.8921096
1.0,0.93950784
1.0,0.97247714
0.0,0.8906471
1.0,0.8208404
0.0,0.05327591
1.0,0.7258706
0.0,0.44242454
0.0,0.34176454
0.0,0.38309568
1.0,0.7320597
0.0,0.13492204
0.0,0.7169854
1.0,0.5479883
0.0,0.70910275
0.0,0.12345258
1.0,0.8396766
0.0,0.7043267
1.0,0.74589586
1.0,0.30961034
1.0,0.9284319
0.0,0.8419884
0.0,0.33966684
0.0,0.66398454
0.0,0.9485446
0.0,0.39185157
0.0,0.10596328
0.0,0.28103566
0.0,0.09417477
1.0,0.8451359
0.0,0.51029575
0.0,0.19934052
0.0,0.19058454
0.0,0.9551575
0.0,0.9755401
0.0,0.8709991
1.0,0.066898145
0.0,0.21921983
1.0,0.84978503
0.0,0.90279704
1.0,0.43379307
0.0,0.04212733
0.0,0.6196082
1.0,0.5624508
0.0,0.84682757
0.0,0.13285731
1.0,0.3935754
0.0,0.104640484
1.0,0.71479243
0.0,0.54972064
1.0,0.91628236
0.0,0.1227336
0.0,0.61013323
0.0,0.17636713
0.0,0.9787837
1.0,0.6227632
0.0,0.1114025
0.0,0.27421236
0.0,0.9519529
0.0,0.07326553
0.0,0.046558958
1.0,0.94319487
0.0,0.7465917
0.0,0.059519563
1.0,0.97777426
0.0,0.22435854
0.0,0.15080975
0.0,0.23969755
0.0,0.14585851
0.0,0.18785293
1.0,0.94146335
1.0,0.8656883
0.0,0.53366834
0.0,0.15654486
0.0,0.21426547
1.0,0.2961255
0.0,0.12508173
0.0,0.8892857
1.0,0.95113343
1.0,0.95715874
0.0,0.9753034
1.0,0.68059254
0.0,0.7569171
0.0,0.27651873
0.0,0.16255899
0.0,0.1534631
0.0,0.22893523
0.0,0.2125776
0.0,0.69032246
0.0,0.74181163
0.0,0.93222934
0.0,0.5326255
0.0,0.20435044
0.0,0.066064976
1.0,0.9209473
0.0,0.13952659
0.0,0.308398
0.0,0.29896703
0.0,0.119792834
1.0,0.8017669
0.0,0.91885686
0.0,0.89744014
0.0,0.9410529
0.0,0.9108114
0.0,0.6674715
0.0,0.87296546
0.0,0.6828524
0.0,0.8471696
1.0,0.47121865
1.0,0.060453158
1.0,0.08193385
0.0,0.9596149
0.0,0.7499404
0.0,0.42714277
0.0,0.4612784
0.0,0.09199816
0.0,0.1204262
0.0,0.23098707
0.0,0.896437
0.0,0.6395664
0.0,0.24338582
0.0,0.8412244
0.0,0.41072065
0.0,0.8925759
0.0,0.051208578
0.0,0.48580495
0.0,0.64125
1.0,0.85685694
0.0,0.6287017
0.0,0.09990995
1.0,0.76863843
0.0,0.2736737
0.0,0.16444863
0.0,0.76599646
0.0,0.24193956
1.0,0.9745094
0.0,0.257411
0.0,0.6219461
1.0,0.53366876
0.0,0.15812948
0.0,0.14000577
0.0,0.16688761
0.0,0.91477996
0.0,0.16335814
0.0,0.841764
0.0,0.87477547
1.0,0.5076944
1.0,0.76089436
0.0,0.2302861
0.0,0.15988901
0.0,0.25316915
0.0,0.87974393
0.0,0.17065215
1.0,0.8995012
0.0,0.91731066
0.0,0.9292829
0.0,0.08010953
0.0,0.39785546
0.0,0.20092843
1.0,0.5683399
0.0,0.03812042
0.0,0.8584634
0.0,0.9701919
0.0,0.7335929
0.0,0.90976566
0.0,0.11321201
0.0,0.055802863
1.0,0.84564424
0.0,0.19421431
0.0,0.42506516
0.0,0.32053405
0.0,0.3638066
0.0,0.9122859
0.0,0.1333996
0.0,0.045455992
0.0,0.5268792
0.0,0.42601228
0.0,0.25111058
0.0,0.71178186
0.0,0.32523742
0.0,0.5669984
0.0,0.06907777
0.0,0.12466906
0.0,0.068861514
0.0,0.08909268
0.0,0.46431416
1.0,0.11005166
1.0,0.09839639
0.0,0.07020988
1.0,0.25489748
1.0,0.1715355
1.0,0.072751604
0.0,0.071657784
1.0,0.1566025
0.0,0.051613294
0.0,0.28397015
0.0,0.22914994
0.0,0.09534202
1.0,0.11596483
1.0,0.119419575
1.0,0.06978479
0.0,0.09225291
1.0,0.15012604
1.0,0.43724334
1.0,0.8851893
0.0,0.38461345
0.0,0.92020935
0.0,0.7984902
0.0,0.9646833
0.0,0.8690973
0.0,0.18900128
0.0,0.055500463
0.0,0.101310946
0.0,0.22233196
0.0,0.7282555
0.0,0.36513415
0.0,0.16013306
0.0,0.1230842
0.0,0.08905279
0.0,0.76796496
0.0,0.821926
0.0,0.36095238
1.0,0.18754049
1.0,0.37731344
1.0,0.11340979
0.0,0.25762376
0.0,0.056318257
0.0,0.82607514
0.0,0.6017581
0.0,0.37081018
0.0,0.11286013
0.0,0.8394619
1.0,0.887076
1.0,0.9276039
0.0,0.679629
0.0,0.039966963
0.0,0.35741723
1.0,0.9807669
0.0,0.20719229
0.0,0.8306798
0.0,0.40273064
0.0,0.5049835
0.0,0.20094869
1.0,0.9566782
0.0,0.12836033
1.0,0.7838722
0.0,0.80536586
0.0,0.8560836
0.0,0.4397689
0.0,0.27016833
0.0,0.1508284
0.0,0.11075747
1.0,0.8667472
0.0,0.49588507
0.0,0.55115247
1.0,0.9169839
0.0,0.56060225
0.0,0.6284653
0.0,0.278079
0.0,0.5050291
0.0,0.2189121
0.0,0.17475025
0.0,0.15287569
0.0,0.18179744
0.0,0.040447075
1.0,0.9171434
0.0,0.36393502
1.0,0.899602
0.0,0.24445699
0.0,0.253402
0.0,0.5056871
0.0,0.1648669
0.0,0.4709433
1.0,0.8973966
0.0,0.13173798
0.0,0.15401866
0.0,0.21236922
0.0,0.23642488
0.0,0.4588658
0.0,0.8742408
1.0,0.96532804
0.0,0.19583876
1.0,0.9293882
1.0,0.2713546
1.0,0.5693044
0.0,0.50698775
0.0,0.032420576
0.0,0.9061025
0.0,0.5838038
0.0,0.5509251
0.0,0.5445646
0.0,0.7726138
0.0,0.17297031
0.0,0.85951364
0.0,0.86330837
0.0,0.122648716
0.0,0.8431433
1.0,0.9546938
0.0,0.23878443
0.0,0.9193346
0.0,0.44619212
0.0,0.4197373
0.0,0.8720603
0.0,0.22876745
1.0,0.9462016
1.0,0.9491488
0.0,0.10607482
0.0,0.15321858
0.0,0.9505507
1.0,0.13578178
0.0,0.063310176
0.0,0.96661377
0.0,0.07115191
0.0,0.72465044
1.0,0.9034198
1.0,0.8708562
0.0,0.9473412
0.0,0.2575488
0.0,0.3812554
0.0,0.78162235
0.0,0.5967654
0.0,0.067694195
0.0,0.20195383
0.0,0.09412496
1.0,0.96328187
0.0,0.07422824
0.0,0.69966096
0.0,0.5677455
0.0,0.58696747
0.0,0.30785182
1.0,0.45935938
0.0,0.31388855
0.0,0.39334136
0.0,0.13249315
0.0,0.43523237
1.0,0.9745443
0.0,0.33213264
0.0,0.1663783
0.0,0.20068839
0.0,0.87059695
0.0,0.32950288
0.0,0.13297263
0.0,0.14996299
1.0,0.9355911
0.0,0.34358093
0.0,0.8695588
0.0,0.23683836
0.0,0.88599026
1.0,0.63202024
0.0,0.44628844
0.0,0.8465054
0.0,0.35964608
0.0,0.099409
0.0,0.09988159
1.0,0.8909354
0.0,0.18262576
0.0,0.96843374
0.0,0.17726597
0.0,0.29134378
0.0,0.58215785
0.0,0.4039305
0.0,0.68805826
0.0,0.58998054
0.0,0.76372826
0.0,0.22295123
1.0,0.9427458
1.0,0.8797127
0.0,0.19346942
0.0,0.12012304
0.0,0.17854573
0.0,0.6154686
1.0,0.8084892
1.0,0.8605808
1.0,0.6646594
1.0,0.84439707
0.0,0.29638115
0.0,0.07253083
0.0,0.9690387
0.0,0.119961224
0.0,0.2066441
0.0,0.6128166
0.0,0.12021192
0.0,0.093668
1.0,0.25194103
0.0,0.2938633
0.0,0.117554896
0.0,0.2140203
0.0,0.069055066
0.0,0.94263715
0.0,0.9396314
0.0,0.46105602
1.0,0.9033417
0.0,0.70758724
0.0,0.14937335
0.0,0.15033323
0.0,0.7455753
0.0,0.028861148
0.0,0.15306687
0.0,0.22305481
0.0,0.18854977
1.0,0.56646895
0.0,0.6859262
0.0,0.53901863
0.0,0.7275354
1.0,0.8162605
0.0,0.04881711
1.0,0.93046594
0.0,0.25915977
0.0,0.5072465
0.0,0.06133568
0.0,0.5025353
0.0,0.80573887
0.0,0.071028754
0.0,0.26866245
0.0,0.879964
1.0,0.92099
1.0,0.9521003
0.0,0.9257925
0.0,0.08693275
1.0,0.880821
0.0,0.657828
0.0,0.14845419
0.0,0.44281483
0.0,0.11570116
0.0,0.27102512
0.0,0.8572736
0.0,0.6312303
0.0,0.84686667
0.0,0.7305799
1.0,0.77820283
0.0,0.93846476
1.0,0.94044566
0.0,0.41274396
0.0,0.49386105
0.0,0.40535274
0.0,0.5184778
0.0,0.17689718
0.0,0.79817694
0.0,0.3137751
0.0,0.041324906
0.0,0.8146448
1.0,0.95893776
0.0,0.34729314
0.0,0.4909937
0.0,0.1571286
1.0,0.8984163
0.0,0.13465382
1.0,0.77549094
0.0,0.2940618
1.0,0.49675903
1.0,0.1769417
1.0,0.7807232
0.0,0.14776143
0.0,0.78713375
0.0,0.87242275
0.0,0.05314819
1.0,0.9395916
0.0,0.13272594
0.0,0.97309285
0.0,0.46279442
0.0,0.4890622
0.0,0.32897672
0.0,0.67625254
0.0,0.105563216
1.0,0.9556366
0.0,0.7678117
0.0,0.1839601
0.0,0.15405935
0.0,0.1495426
1.0,0.94007427
1.0,0.9250516
0.0,0.55954283
0.0,0.12043306
0.0,0.47686064
0.0,0.8384592
0.0,0.040664416
0.0,0.33979684
0.0,0.20890608
0.0,0.53964084
0.0,0.16318834
0.0,0.91890365
0.0,0.23014085
0.0,0.7551217
1.0,0.9117572
1.0,0.10460072
0.0,0.19534293
0.0,0.065835245
0.0,0.052148573
1.0,0.9496914
0.0,0.094564974
0.0,0.5365083
0.0,0.05677564
0.0,0.20614363
0.0,0.043810878
0.0,0.9347841
0.0,0.7850574
1.0,0.8637868
1.0,0.8677787
0.0,0.27117115
0.0,0.61473286
1.0,0.1873839
0.0,0.077820525
0.0,0.91539574
0.0,0.14056225
0.0,0.8570797
1.0,0.6146528
0.0,0.8918044
0.0,0.09369952
1.0,0.7830316
1.0,0.43807304
0.0,0.043818217
1.0,0.9535516
0.0,0.6856186
0.0,0.43200547
0.0,0.7199678
1.0,0.35617867
0.0,0.890705
0.0,0.66033876
0.0,0.20461965
0.0,0.03995068
1.0,0.032836888
1.0,0.9265914
0.0,0.08800096
0.0,0.34126043
0.0,0.9109135
0.0,0.08844748
0.0,0.83677316
0.0,0.45786545
0.0,0.36023632
0.0,0.5750448
0.0,0.26952443
0.0,0.376545
0.0,0.22723174
0.0,0.6439993
0.0,0.07539665
0.0,0.09765305
0.0,0.63082725
0.0,0.037675768
0.0,0.15901671
0.0,0.09441447
0.0,0.057725824
0.0,0.13005273
0.0,0.6850395
0.0,0.17080188
0.0,0.31909305
0.0,0.06824125
0.0,0.914989
0.0,0.40495646
1.0,0.76864576
1.0,0.2926467
0.0,0.13882305
0.0,0.65861934
0.0,0.31754255
0.0,0.5944754
0.0,0.899245
1.0,0.89590466
0.0,0.15912898
0.0,0.22383536
0.0,0.18878482
0.0,0.29019508
0.0,0.26039878
0.0,0.23048651
0.0,0.23952237
0.0,0.6346634
0.0,0.25272146
0.0,0.65372026
0.0,0.44066787
0.0,0.74918634
0.0,0.21470019
1.0,0.24442342
0.0,0.42273885
0.0,0.60122496
0.0,0.8538666
1.0,0.91646343
0.0,0.189683
0.0,0.54589635
0.0,0.7520755
0.0,0.65937644
0.0,0.20665857
0.0,0.10247468
0.0,0.3351788
0.0,0.14077556
1.0,0.9865426
0.0,0.14174879
1.0,0.917841
0.0,0.070906505
0.0,0.7418937
0.0,0.9632907
1.0,0.92281073
0.0,0.6926422
0.0,0.5078485
0.0,0.08649281
1.0,0.5526421
0.0,0.08981871
0.0,0.9278164
0.0,0.95444417
0.0,0.77684104
0.0,0.7878487
0.0,0.11528144
0.0,0.58846
0.0,0.31441265
0.0,0.117329255
0.0,0.87843585
0.0,0.17842226
0.0,0.62569743
0.0,0.920324
0.0,0.92951304
1.0,0.95763063
0.0,0.15997401
1.0,0.41755933
0.0,0.4671876
0.0,0.7889623
0.0,0.054597158
0.0,0.3326223
0.0,0.39401615
0.0,0.7363783
0.0,0.2447914
0.0,0.15245348
0.0,0.102194294
1.0,0.1337423
0.0,0.30311257
0.0,0.9130992
0.0,0.36989364
0.0,0.84235275
0.0,0.16838762
0.0,0.9494042
0.0,0.940167
0.0,0.5914444
0.0,0.04189774
0.0,0.20647694
0.0,0.25918683
0.0,0.42851514
1.0,0.5894336
0.0,0.7664782
0.0,0.07546855
0.0,0.57256895
0.0,0.029574584
1.0,0.88396007
0.0,0.4163901
0.0,0.20915546
0.0,0.10456178
0.0,0.79578793
0.0,0.23907804
1.0,0.34892485
0.0,0.26433805
1.0,0.9094578
0.0,0.85281444
1.0,0.7529596
1.0,0.5787903
0.0,0.7383191
0.0,0.96236926
0.0,0.09403628
0.0,0.23459509
0.0,0.12646803
0.0,0.047844805
0.0,0.04567821
0.0,0.48557717
0.0,0.71351504
0.0,0.1729251
0.0,0.76083004
0.0,0.5012665
0.0,0.41328982
0.0,0.6073396
0.0,0.24388376
0.0,0.9650142
0.0,0.71278113
0.0,0.05273748
1.0,0.19183269
0.0,0.9527403
0.0,0.07926784
1.0,0.92488
0.0,0.15166098
0.0,0.10377084
0.0,0.558324
0.0,0.21044758
0.0,0.13148977
0.0,0.9633685
1.0,0.0421807
1.0,0.2615205
0.0,0.10299711
0.0,0.07617505
0.0,0.081267394
1.0,0.066514246
1.0,0.10843294
0.0,0.073922805
1.0,0.17151691
0.0,0.86760676
0.0,0.3918073
0.0,0.681358
0.0,0.759552
0.0,0.4131156
0.0,0.5771642
1.0,0.9351589
1.0,0.8858983
0.0,0.1596686
0.0,0.2683691
0.0,0.7880167
0.0,0.0625843
0.0,0.16758163
0.0,0.9570821
0.0,0.06236223
0.0,0.82210976
0.0,0.5620387
0.0,0.09386703
0.0,0.8607324
0.0,0.3036888
0.0,0.9414456
0.0,0.05604399
0.0,0.10710828
0.0,0.73896426
0.0,0.7743562
0.0,0.65027314
0.0,0.83788943
0.0,0.07055506
1.0,0.9355187
0.0,0.93510246
0.0,0.12782088
0.0,0.10817518
1.0,0.9018399
1.0,0.77825946
0.0,0.8716306
1.0,0.93210703
1.0,0.88024765
0.0,0.035455972
0.0,0.8424302
0.0,0.73824376
0.0,0.8580943
1.0,0.640278
0.0,0.45860344
1.0,0.8518622
0.0,0.54027903
0.0,0.13118665
0.0,0.2082804
0.0,0.8808069
0.0,0.8398202
0.0,0.6018064
0.0,0.9195958
1.0,0.96514
0.0,0.7826349
0.0,0.10813251
0.0,0.051886313
0.0,0.0845553
0.0,0.13014859
0.0,0.33425316
1.0,0.8214771
0.0,0.088965
0.0,0.30660367
0.0,0.90959984
0.0,0.044306524
1.0,0.22461832
1.0,0.3437621
0.0,0.03963364
0.0,0.39692625
1.0,0.9684236
0.0,0.7583194
0.0,0.7050084
0.0,0.9315822
0.0,0.0384458
0.0,0.24321982
1.0,0.9730829
1.0,0.3254291
1.0,0.93389934
0.0,0.8612625
0.0,0.367588
0.0,0.44305924
0.0,0.22963156
0.0,0.1542212
0.0,0.39662343
0.0,0.84760416
0.0,0.49517667
0.0,0.41321287
0.0,0.28867564
1.0,0.92189455
0.0,0.69666827
0.0,0.8164507
0.0,0.06839722
0.0,0.50010604
0.0,0.5115888
0.0,0.076795846
0.0,0.2896373
0.0,0.85975206
0.0,0.09862178
1.0,0.9207142
0.0,0.19469917
0.0,0.08313763
0.0,0.22654444
1.0,0.95429665
0.0,0.8713879
0.0,0.27331385
0.0,0.60508084
0.0,0.11830644
1.0,0.85780555
1.0,0.41580567
0.0,0.45438212
0.0,0.17425554
0.0,0.16686942
0.0,0.14364658
0.0,0.22748007
0.0,0.39152017
0.0,0.68795836
1.0,0.8564329
1.0,0.095592104
0.0,0.10588369
1.0,0.2145172
0.0,0.06351188
0.0,0.80884856
1.0,0.36397594
1.0,0.5937444
0.0,0.43948194
1.0,0.2530353
0.0,0.7822037
1.0,0.91064364
1.0,0.7226525
0.0,0.28535172
0.0,0.46847004
0.0,0.099965006
0.0,0.33128682
0.0,0.8195462
1.0,0.86237216
0.0,0.9346548
0.0,0.16251299
1.0,0.9474618
0.0,0.15735623
0.0,0.053751323
0.0,0.078712374
0.0,0.5683936
1.0,0.9652253
0.0,0.13596146
0.0,0.14065702
0.0,0.7507742
0.0,0.1632622
1.0,0.11347611
1.0,0.26853552
1.0,0.8433208
0.0,0.6532409
0.0,0.07899946
0.0,0.10506269
0.0,0.2639053
0.0,0.53702873
0.0,0.07267192
0.0,0.119311385
0.0,0.30366582
0.0,0.62246567
1.0,0.55405277
0.0,0.13208677
1.0,0.6406463
1.0,0.23786749
1.0,0.24084648
0.0,0.33322904
0.0,0.53786767
1.0,0.59729385
1.0,0.56529325
1.0,0.2464354
1.0,0.36318716
1.0,0.8332718
1.0,0.9002948
1.0,0.28083774
0.0,0.27542648
1.0,0.8003641
0.0,0.1388618
1.0,0.23005521
1.0,0.41969973
0.0,0.7788055
1.0,0.8813908
0.0,0.5650396
1.0,0.6864329
0.0,0.12107457
0.0,0.71460307
0.0,0.38155213
1.0,0.7305746
1.0,0.96177995
0.0,0.94139117
0.0,0.13592952
0.0,0.08953956
1.0,0.6323618
0.0,0.5075577
0.0,0.61896706
0.0,0.21911204
0.0,0.3061973
1.0,0.90863204
0.0,0.0683852
1.0,0.9298617
1.0,0.9105046
0.0,0.069065236
0.0,0.8842517
0.0,0.7292658
0.0,0.9686487
1.0,0.88683265
0.0,0.15616167
1.0,0.90952766
0.0,0.9468128
1.0,0.96481556
0.0,0.87155145
0.0,0.2956835
0.0,0.9136171
1.0,0.89442
0.0,0.23265103
0.0,0.066477
0.0,0.34034508
0.0,0.17114687
0.0,0.44283223
0.0,0.1376758
1.0,0.974423
1.0,0.82453394
0.0,0.07170084
0.0,0.39116263
0.0,0.16424929
0.0,0.06548976
0.0,0.34929258
0.0,0.058897197
0.0,0.1322546
0.0,0.14102697
1.0,0.9440551
0.0,0.18835926
1.0,0.88120395
0.0,0.107750505
0.0,0.062472295
0.0,0.25805005
0.0,0.2648013
0.0,0.2972247
0.0,0.23948862
1.0,0.80877477
0.0,0.049378145
0.0,0.37217662
0.0,0.108478144
0.0,0.6731998
0.0,0.052173246
0.0,0.3604652
1.0,0.9334806
1.0,0.32497558
1.0,0.3177983
0.0,0.66835904
0.0,0.19942938
0.0,0.07879525
1.0,0.14861211
1.0,0.76884633
1.0,0.31744316
0.0,0.1541218
0.0,0.7782088
0.0,0.06469002
1.0,0.941192
0.0,0.09654478
0.0,0.34913674
0.0,0.2600036
0.0,0.120917775
0.0,0.77858347
1.0,0.5174955
1.0,0.96681845
0.0,0.4625895
0.0,0.19074899
0.0,0.1307852
0.0,0.33999324
1.0,0.19439825
0.0,0.09616074
1.0,0.083835855
1.0,0.5360848
1.0,0.36206916
1.0,0.87470233
1.0,0.2565621
1.0,0.19287063
1.0,0.86444765
1.0,0.9647996
0.0,0.84135836
0.0,0.9610509
0.0,0.8877801
0.0,0.55746734
0.0,0.38945705
0.0,0.11108194
0.0,0.18989798
0.0,0.094052106
0.0,0.9520241
0.0,0.16613942
0.0,0.5966159
1.0,0.38834953
1.0,0.34214538
1.0,0.6686693
0.0,0.1865316
0.0,0.6119431
0.0,0.5461152
0.0,0.93232
1.0,0.2146795
0.0,0.85770684
1.0,0.85295284
1.0,0.93329173
1.0,0.6617417
0.0,0.09628579
0.0,0.056277305
0.0,0.16454093
0.0,0.4634548
0.0,0.24454863
0.0,0.29357725
0.0,0.6255461
1.0,0.9607885
0.0,0.43479234
0.0,0.4493723
1.0,0.53294533
1.0,0.42288095
1.0,0.32844532
0.0,0.15347983
1.0,0.9493881
0.0,0.6908086
1.0,0.9280957
0.0,0.6908011
0.0,0.10177565
0.0,0.5263046
0.0,0.9114034
1.0,0.94403285
1.0,0.7378984
0.0,0.062308468
0.0,0.858464
1.0,0.94209594
0.0,0.37766892
0.0,0.07471565
0.0,0.3264065
1.0,0.94502383
1.0,0.6959247
0.0,0.8850568
0.0,0.96312094
0.0,0.69220513
0.0,0.09206331
1.0,0.8977647
0.0,0.48531222
0.0,0.9341627
0.0,0.06261207
0.0,0.9338408
0.0,0.522366
1.0,0.9466099
0.0,0.32078874
0.0,0.9294939
0.0,0.9839304
0.0,0.22701234
0.0,0.2893611
0.0,0.47109905
1.0,0.623329
0.0,0.6689891
1.0,0.92516315
0.0,0.78059614
0.0,0.34252855
0.0,0.91486317
0.0,0.04957437
0.0,0.15410607
0.0,0.50938684
0.0,0.7153863
0.0,0.1651753
0.0,0.20260662
1.0,0.22438923
1.0,0.8593997
0.0,0.6890344
1.0,0.24731986
1.0,0.58166724
0.0,0.57932234
1.0,0.14693163
0.0,0.20856702
1.0,0.937171
1.0,0.96274376
1.0,0.94664985
0.0,0.7033333
0.0,0.8958348
0.0,0.20555682
1.0,0.9694094
0.0,0.14693154
0.0,0.023413604
0.0,0.05016582
0.0,0.21341637
0.0,0.70623565
0.0,0.22899318
0.0,0.051826954
0.0,0.31882495
0.0,0.072951935
0.0,0.22634827
0.0,0.12947825
0.0,0.084875934
0.0,0.75094724
1.0,0.5389051
1.0,0.22012475
1.0,0.9395957
0.0,0.27832064
0.0,0.20853116
1.0,0.78899884
0.0,0.32718235
0.0,0.06211947
1.0,0.8175937
1.0,0.95773035
1.0,0.87119484
0.0,0.7038617
0.0,0.6933165
0.0,0.093720056
0.0,0.04387136
0.0,0.23546335
0.0,0.86256284
0.0,0.055268887
1.0,0.7537133
0.0,0.20855123
0.0,0.75783116
0.0,0.8614025
0.0,0.27088717
1.0,0.23880303
0.0,0.34850788
0.0,0.094717026
0.0,0.17933851
0.0,0.17207079
0.0,0.10786879
1.0,0.8979036
0.0,0.114696644
1.0,0.25843242
0.0,0.3848336
0.0,0.8805099
1.0,0.69406396
1.0,0.908579
1.0,0.90516776
1.0,0.39888498
1.0,0.25593308
0.0,0.16556276
0.0,0.26249865
1.0,0.9323802
1.0,0.9796393
0.0,0.07158526
0.0,0.3076782
1.0,0.5013833
0.0,0.31446365
0.0,0.18456341
0.0,0.914763
1.0,0.8828566
1.0,0.98984784
1.0,0.7381009
1.0,0.8854663
0.0,0.5373828
1.0,0.19858558
1.0,0.80794173
0.0,0.07313992
0.0,0.17733023
0.0,0.15777922
0.0,0.6829237
0.0,0.7961299
0.0,0.74523777
0.0,0.7255418
0.0,0.8566374
0.0,0.941414
1.0,0.9285237
0.0,0.29034904
1.0,0.97615916
1.0,0.9500314
0.0,0.19661552
0.0,0.88950825
1.0,0.6826047
0.0,0.07292082
0.0,0.11940562
0.0,0.68423563
0.0,0.068838745
0.0,0.69162685
0.0,0.09313148
0.0,0.57984275
0.0,0.43550202
0.0,0.16335218
0.0,0.40590122
1.0,0.3155269
0.0,0.044314127
0.0,0.09381744
0.0,0.15334241
0.0,0.80755806
0.0,0.29988015
0.0,0.6444836
0.0,0.03861265
0.0,0.95431
0.0,0.7448302
0.0,0.8281215
1.0,0.9463814
0.0,0.26759794
1.0,0.8878285
1.0,0.22202127
1.0,0.12484201
0.0,0.26903003
0.0,0.19185425
0.0,0.36247846
0.0,0.21109037
0.0,0.24941076
0.0,0.3613108
1.0,0.8476463
1.0,0.11011708
0.0,0.4473765
0.0,0.2852293
0.0,0.06876637
1.0,0.92959946
1.0,0.73545235
1.0,0.8685207
1.0,0.60223264
0.0,0.041436754
0.0,0.07131624
0.0,0.06672452
1.0,0.27545524
1.0,0.9140278
0.0,0.8830997
1.0,0.87590116
1.0,0.45720506
0.0,0.82660276
0.0,0.17013541
0.0,0.8870405
0.0,0.8851247
0.0,0.41659364
0.0,0.18146184
0.0,0.50974864
0.0,0.868446
1.0,0.91271734
0.0,0.0777197
0.0,0.40076765
0.0,0.6470392
0.0,0.6722116
1.0,0.7841782
0.0,0.7887087
0.0,0.60279346
1.0,0.8520312
1.0,0.7943137
1.0,0.94778126
0.0,0.50032544
0.0,0.8203576
0.0,0.045221213
0.0,0.054602254
1.0,0.68429464
0.0,0.2992094
1.0,0.39547795
0.0,0.13148715
0.0,0.91075885
1.0,0.9865481
0.0,0.11050555
0.0,0.5894035
0.0,0.5938017
0.0,0.0825191
1.0,0.034984656
0.0,0.109902866
0.0,0.5296916
0.0,0.36449444
0.0,0.25609073
0.0,0.58008534
0.0,0.6036098
0.0,0.9355624
0.0,0.25460473
0.0,0.13413447
0.0,0.82201743
0.0,0.19516626
0.0,0.10436764
0.0,0.5856814
0.0,0.039967857
0.0,0.109711155
0.0,0.24871978
1.0,0.9251911
1.0,0.16479953
0.0,0.07046799
0.0,0.35753557
0.0,0.24971049
0.0,0.7197623
1.0,0.78678197
1.0,0.8229137
0.0,0.22832333
0.0,0.04093152
0.0,0.89682424
0.0,0.38544452
0.0,0.038533255
0.0,0.312898
0.0,0.8527112
0.0,0.8392303
0.0,0.040345225
0.0,0.039682765
0.0,0.13301939
0.0,0.16422722
1.0,0.5143481
0.0,0.755049
0.0,0.90851027
0.0,0.10856097
0.0,0.40828523
0.0,0.6645307
1.0,0.4418926
0.0,0.33134302
0.0,0.9165245
0.0,0.08752687
0.0,0.81632197
0.0,0.58146775
1.0,0.55413777
0.0,0.6327765
1.0,0.7494264
0.0,0.11685652
0.0,0.7475629
1.0,0.94880843
1.0,0.06204016
0.0,0.122914806
1.0,0.90464604
0.0,0.1741118
0.0,0.058999065
1.0,0.83203113
0.0,0.5724043
0.0,0.3961985
1.0,0.8690952
0.0,0.08004564
0.0,0.09393026
1.0,0.1562552
0.0,0.11035643
0.0,0.21646631
0.0,0.07996689
0.0,0.15996364
0.0,0.1689969
0.0,0.31167352
0.0,0.37407827
0.0,0.71395755
0.0,0.05822743
1.0,0.14226998
0.0,0.11418346
0.0,0.06945733
0.0,0.936252
0.0,0.89807945
0.0,0.33936074
0.0,0.8651196
0.0,0.21460071
1.0,0.86581653
0.0,0.10215471
0.0,0.17418867
1.0,0.08398342
1.0,0.105572455
1.0,0.41570684
1.0,0.9634051
1.0,0.92040014
0.0,0.8243711
0.0,0.3863237
0.0,0.8354515
0.0,0.25962016
1.0,0.8536895
1.0,0.36733797
0.0,0.47926763
0.0,0.36292633
0.0,0.13129893
0.0,0.87174654
0.0,0.8958251
0.0,0.3512585
0.0,0.13620982
0.0,0.030577265
0.0,0.26250985
1.0,0.92609847
1.0,0.570172
0.0,0.084074356
0.0,0.5072402
0.0,0.14136234
0.0,0.09646403
0.0,0.47013003
0.0,0.13126646
0.0,0.25546083
0.0,0.1234519
0.0,0.10699679
0.0,0.14593507
0.0,0.27751246
0.0,0.943508
0.0,0.30449355
0.0,0.77792615
0.0,0.41777322
0.0,0.131962
0.0,0.87758726
0.0,0.116860636
1.0,0.93553317
0.0,0.096386425
0.0,0.86152226
0.0,0.15294157
0.0,0.22783352
1.0,0.38819668
0.0,0.14410388
0.0,0.13318993
0.0,0.73557204
0.0,0.098375425
0.0,0.5451725
0.0,0.65022516
0.0,0.22090594
1.0,0.8968468
0.0,0.63822865
0.0,0.3635304
0.0,0.12010701
0.0,0.873085
1.0,0.10706029
0.0,0.13398792
0.0,0.44801924
0.0,0.87877345
0.0,0.06463202
1.0,0.8763249
1.0,0.6769687
1.0,0.58800614
0.0,0.13988094
0.0,0.17216146
0.0,0.21248963
0.0,0.0674557
0.0,0.7740419
0.0,0.49032915
0.0,0.08487841
0.0,0.7834974
0.0,0.13923362
0.0,0.67347854
0.0,0.8276007
0.0,0.91182494
0.0,0.31138405
0.0,0.08659561
0.0,0.85952383
0.0,0.099355094
0.0,0.9647714
0.0,0.09139469
1.0,0.84773
1.0,0.89106035
1.0,0.089777686
0.0,0.13878521
0.0,0.2577262
0.0,0.5253019
0.0,0.9700319
0.0,0.891357
1.0,0.76332796
0.0,0.16928074
1.0,0.7321627
0.0,0.24430355
0.0,0.63063866
0.0,0.6344863
0.0,0.85641646
0.0,0.24490702
1.0,0.45877966
1.0,0.71453506
1.0,0.52295566
1.0,0.9005752
1.0,0.42504093
1.0,0.45042482
0.0,0.23133692
0.0,0.5195912
0.0,0.15316077
0.0,0.73270094
0.0,0.9300646
0.0,0.3231276
0.0,0.3896023
0.0,0.36171874
0.0,0.21958971
0.0,0.4003508
0.0,0.4958946
0.0,0.18259299
1.0,0.9543575
0.0,0.07516422
0.0,0.49786073
1.0,0.3163594
1.0,0.9220455
1.0,0.22431126
1.0,0.5181569
0.0,0.96783197
0.0,0.22011806
0.0,0.13317838
0.0,0.9085786
0.0,0.29807
0.0,0.28952032
0.0,0.1091717
0.0,0.07098982
0.0,0.32367712
0.0,0.83624244
0.0,0.75077236
0.0,0.51638234
0.0,0.71409374
0.0,0.33995184
0.0,0.66659856
0.0,0.10524438
1.0,0.66569436
1.0,0.48442593
1.0,0.44423205
1.0,0.51267225
1.0,0.19469115
1.0,0.53239423
1.0,0.36231023
1.0,0.2889954
1.0,0.5990972
0.0,0.9356068
1.0,0.962171
0.0,0.36534107
0.0,0.6247365
0.0,0.5853511
1.0,0.93717986
0.0,0.43132398
1.0,0.09784898
0.0,0.6366825
0.0,0.088237196
1.0,0.8930414
0.0,0.7922277
0.0,0.6003196
0.0,0.3333349
1.0,0.8442717
0.0,0.06583866
0.0,0.41034186
1.0,0.8004037
0.0,0.20245375
0.0,0.6912742
1.0,0.92306083
0.0,0.5470103
0.0,0.7276133
0.0,0.3461502
0.0,0.5213241
0.0,0.1605927
0.0,0.82088304
0.0,0.45285392
0.0,0.7308009
0.0,0.6591285
1.0,0.84902716
0.0,0.09785999
0.0,0.56485534
0.0,0.3143289
0.0,0.81039995
1.0,0.945212
0.0,0.63527846
0.0,0.584998
1.0,0.9315015
0.0,0.49764496
0.0,0.9808622
0.0,0.8018332
0.0,0.8381469
0.0,0.8064913
0.0,0.07930627
0.0,0.21473655
1.0,0.9311966
0.0,0.9196345
1.0,0.57514566
0.0,0.11749964
0.0,0.09551352
1.0,0.6675399
1.0,0.9713778
0.0,0.2937163
1.0,0.20197518
1.0,0.57783043
0.0,0.9559054
1.0,0.89545393
1.0,0.4072447
0.0,0.09488754
1.0,0.97689694
0.0,0.18385038
1.0,0.8273639
0.0,0.45271695
0.0,0.8684965
0.0,0.25699148
0.0,0.7695128
0.0,0.43235314
1.0,0.35796708
0.0,0.85440636
0.0,0.4077798
0.0,0.25328323
0.0,0.14296435
0.0,0.9654848
1.0,0.85014725
1.0,0.93920624
0.0,0.90685254
1.0,0.85134846
0.0,0.7634411
0.0,0.9542807
1.0,0.89369214
0.0,0.89332074
1.0,0.9021165
0.0,0.10691128
1.0,0.7013844
1.0,0.92914784
0.0,0.91057426
0.0,0.05141837
1.0,0.4843834
0.0,0.71243435
0.0,0.23267104
0.0,0.32659832
1.0,0.95336455
1.0,0.94378525
0.0,0.23046397
0.0,0.8860595
1.0,0.9443787
0.0,0.67843336
0.0,0.53916717
0.0,0.07876146
1.0,0.8005254
1.0,0.4299966
0.0,0.78798354
0.0,0.7300045
0.0,0.27508804
0.0,0.62922114
0.0,0.7245155
0.0,0.6766337
0.0,0.7352388
0.0,0.7646708
1.0,0.93921995
0.0,0.74639714
0.0,0.9238687
0.0,0.097027026
0.0,0.09993495
0.0,0.31518167
0.0,0.66647243
0.0,0.66794735
0.0,0.12445245
0.0,0.20531851
0.0,0.68782943
0.0,0.69012445
0.0,0.05262718
0.0,0.9025287
0.0,0.42266685
0.0,0.9499432
0.0,0.67556727
0.0,0.2598095
1.0,0.8567551
0.0,0.4592408
0.0,0.5459484
0.0,0.38249597
0.0,0.3552227
0.0,0.8425893
0.0,0.27547657
0.0,0.71006703
0.0,0.14296636
0.0,0.79423213
0.0,0.52559566
0.0,0.2707023
0.0,0.8578924
0.0,0.12818862
0.0,0.31246987
0.0,0.25632232
1.0,0.9412259
0.0,0.9447204
0.0,0.83773255
1.0,0.45436743
0.0,0.1697517
0.0,0.35490593
0.0,0.44622815
0.0,0.33790237
0.0,0.37703115
0.0,0.2215107
0.0,0.14643425
0.0,0.74807316
1.0,0.11637639
0.0,0.49764654
1.0,0.87080705
0.0,0.15023975
0.0,0.5829489
0.0,0.09015305
0.0,0.23369221
0.0,0.9548724
0.0,0.74195796
0.0,0.109041095
0.0,0.9145963
1.0,0.9611509
0.0,0.31868717
0.0,0.39692053
0.0,0.24103735
0.0,0.40326247
1.0,0.23514722
1.0,0.6884318
0.0,0.892213
1.0,0.9258333
0.0,0.6551701
0.0,0.7947987
0.0,0.20923877
0.0,0.55970573
0.0,0.1572094
0.0,0.08176877
1.0,0.86552405
1.0,0.56706756
0.0,0.2676311
0.0,0.15332231
0.0,0.16054001
0.0,0.054227326
0.0,0.39547795
0.0,0.066671915
0.0,0.6032627
1.0,0.24307856
0.0,0.88971853
0.0,0.2693616
0.0,0.15333454
1.0,0.6346841
0.0,0.765363
0.0,0.15977116
0.0,0.2695697
0.0,0.62602216
0.0,0.5991249
0.0,0.21456097
0.0,0.7141311
0.0,0.92554766
0.0,0.2242842
1.0,0.9113823
1.0,0.18360808
1.0,0.95590836
0.0,0.16914986
0.0,0.37570617
1.0,0.7952813
0.0,0.8403001
0.0,0.3931833
0.0,0.09051254
0.0,0.3565933
0.0,0.69611514
0.0,0.17861548
0.0,0.19599989
1.0,0.9375649
0.0,0.95081043
0.0,0.3744616
1.0,0.9507892
1.0,0.7532026
0.0,0.23265767
0.0,0.36620262
0.0,0.19371204
0.0,0.4310823
0.0,0.31204578
0.0,0.9219441
0.0,0.3052222
0.0,0.3588847
0.0,0.09776817
0.0,0.5193581
0.0,0.06698452
0.0,0.34857622
0.0,0.19789328
0.0,0.9399253
0.0,0.14782345
1.0,0.91660976
0.0,0.79587835
0.0,0.09348806
0.0,0.18270639
0.0,0.13798128
0.0,0.5050438
0.0,0.07572511
0.0,0.8561406
0.0,0.815989
0.0,0.16832775
1.0,0.9568311
1.0,0.8341351
0.0,0.7478987
1.0,0.8258688
1.0,0.8652034
0.0,0.90399545
1.0,0.84370923
0.0,0.15833238
0.0,0.20326634
0.0,0.12943326
1.0,0.98035973
1.0,0.9088292
1.0,0.928939
0.0,0.6750332
0.0,0.24946485
0.0,0.10196575
0.0,0.16859242
0.0,0.6891653
0.0,0.1438323
0.0,0.46148446
1.0,0.9157775
1.0,0.78792495
0.0,0.44566444
0.0,0.9800607
1.0,0.98003995
1.0,0.42714176
0.0,0.38195074
0.0,0.6076358
0.0,0.089872226
0.0,0.06847545
0.0,0.03355755
0.0,0.053783067
0.0,0.10132906
0.0,0.4235108
0.0,0.09150486
0.0,0.08670239
0.0,0.95973086
0.0,0.12476208
0.0,0.06610282
1.0,0.086274
0.0,0.9025747
0.0,0.13803911
0.0,0.8496231
0.0,0.28665575
0.0,0.23292248
0.0,0.20681809
0.0,0.8962543
1.0,0.9305589
0.0,0.85134196
1.0,0.9139162
0.0,0.1707607
0.0,0.04367638
0.0,0.15687633
0.0,0.14256166
0.0,0.14398606
1.0,0.8618817
0.0,0.43856853
0.0,0.07805145
0.0,0.316787
1.0,0.17263128
0.0,0.5086653
0.0,0.098377064
0.0,0.08540184
1.0,0.9463865
0.0,0.8431967
1.0,0.8393176
1.0,0.889572
1.0,0.9289475
1.0,0.85672945
1.0,0.53865045
0.0,0.2624784
1.0,0.9469276
0.0,0.839386
0.0,0.72052336
1.0,0.43773687
1.0,0.9431587
0.0,0.048053857
1.0,0.90330774
1.0,0.62059146
1.0,0.9502501
0.0,0.34309253
1.0,0.93613213
0.0,0.08572325
1.0,0.51817846
0.0,0.41873604
0.0,0.6315226
0.0,0.061183926
0.0,0.5743769
0.0,0.88090426
0.0,0.36039215
0.0,0.7985613
0.0,0.8252128
0.0,0.11366515
0.0,0.75972956
0.0,0.08921946
0.0,0.22588871
0.0,0.31985182
0.0,0.94376594
0.0,0.9502591
0.0,0.89300525
0.0,0.52067703
0.0,0.3144521
1.0,0.09097056
1.0,0.23328792
0.0,0.14231768
0.0,0.690144
1.0,0.8120266
0.0,0.89779896
0.0,0.2581962
0.0,0.27850956
0.0,0.45348808
1.0,0.21462068
1.0,0.634323
0.0,0.12430093
0.0,0.05826429
0.0,0.23100229
0.0,0.2315164
1.0,0.97407395
1.0,0.9102555
1.0,0.69282794
1.0,0.5084258
1.0,0.83531874
1.0,0.6187922
0.0,0.93398786
1.0,0.5900683
1.0,0.9398099
0.0,0.09016661
0.0,0.078641795
0.0,0.8385
0.0,0.114590615
0.0,0.7817407
0.0,0.7539896
0.0,0.0741629
0.0,0.09491547
0.0,0.3808111
0.0,0.69114065
0.0,0.41087517
0.0,0.05933002
0.0,0.8663441
0.0,0.56840426
0.0,0.20122409
0.0,0.23730846
0.0,0.12286887
0.0,0.33592483
0.0,0.053836633
0.0,0.90117306
0.0,0.8487112
0.0,0.91821283
1.0,0.91300106
0.0,0.108852275
0.0,0.19613539
0.0,0.5843405
0.0,0.24235977
0.0,0.3144606
0.0,0.17585681
0.0,0.4714711
0.0,0.16973862
0.0,0.11192305
0.0,0.076811515
0.0,0.13993485
0.0,0.044432078
0.0,0.18482693
0.0,0.9312595
0.0,0.22944108
0.0,0.09898783
0.0,0.08354544
0.0,0.17225629
0.0,0.94732314
0.0,0.8935675
0.0,0.7803284
0.0,0.13367933
0.0,0.9177699
1.0,0.74697113
0.0,0.77631503
0.0,0.080820836
0.0,0.59954953
0.0,0.5420102
0.0,0.38054192
0.0,0.06846303
0.0,0.20622984
0.0,0.11473231
0.0,0.3606108
0.0,0.8864243
1.0,0.9106855
1.0,0.5482209
0.0,0.8103155
0.0,0.5457595
1.0,0.84617805
0.0,0.35496002
0.0,0.58504796
0.0,0.90177786
0.0,0.106931634
1.0,0.6260688
0.0,0.7319579
0.0,0.770467
0.0,0.17080708
0.0,0.21138124
0.0,0.105341464
0.0,0.096378684
0.0,0.23524281
0.0,0.10347566
1.0,0.14613621
1.0,0.94990754
0.0,0.9479447
1.0,0.57554394
0.0,0.9169487
0.0,0.4553886
0.0,0.19188476
0.0,0.24900258
1.0,0.90018684
0.0,0.35854137
0.0,0.6391205
0.0,0.21574566
0.0,0.79436946
1.0,0.95754635
0.0,0.83513117
0.0,0.059751604
0.0,0.80271006
0.0,0.26651278
0.0,0.2879736
0.0,0.06233321
0.0,0.06640885
0.0,0.2504194
0.0,0.7787699
0.0,0.10940439
0.0,0.43298537
0.0,0.069143936
0.0,0.095321834
0.0,0.31430128
1.0,0.9069608
0.0,0.73122776
0.0,0.15943602
0.0,0.6600797
0.0,0.5087578
0.0,0.77675784
0.0,0.79083633
0.0,0.33934417
0.0,0.6345881
0.0,0.8353952
0.0,0.19607757
0.0,0.34514266
0.0,0.14056024
0.0,0.10050898
0.0,0.109385855
1.0,0.668204
0.0,0.29139957
0.0,0.8424673
1.0,0.296607
0.0,0.26206428
0.0,0.90198416
0.0,0.0563431
1.0,0.88568985
1.0,0.17410746
1.0,0.89813876
1.0,0.5326618
0.0,0.71963143
1.0,0.9319434
0.0,0.4024941
0.0,0.9411503
1.0,0.37402478
0.0,0.06014088
0.0,0.08779014
1.0,0.95972043
1.0,0.91302806
0.0,0.130025
0.0,0.33396593
1.0,0.88229084
0.0,0.95050377
0.0,0.32671458
0.0,0.11609962
0.0,0.22113656
0.0,0.80064476
0.0,0.05293253
1.0,0.5903278
0.0,0.15715283
0.0,0.08776917
0.0,0.13414882
1.0,0.9134007
0.0,0.1599189
0.0,0.86398906
1.0,0.2951024
0.0,0.16834758
0.0,0.53323764
0.0,0.10527733
0.0,0.25948542
1.0,0.38634053
0.0,0.9465248
1.0,0.8057899
0.0,0.06292069
0.0,0.6720555
0.0,0.055670593
0.0,0.06475316
0.0,0.35668933
1.0,0.22018245
0.0,0.03956093
0.0,0.8022957
0.0,0.28282776
0.0,0.6263437
0.0,0.9262203
0.0,0.43434834
1.0,0.3916015
0.0,0.25937104
1.0,0.9306604
1.0,0.91709536
0.0,0.1310655
0.0,0.8927677
0.0,0.3043471
0.0,0.3299938
0.0,0.6127016
0.0,0.70753163
0.0,0.56532747
0.0,0.7944745
0.0,0.94273746
1.0,0.39154607
0.0,0.06326684
0.0,0.83251065
1.0,0.83423364
0.0,0.49084008
0.0,0.46283558
1.0,0.6802119
0.0,0.7454207
0.0,0.91111475
1.0,0.8601971
0.0,0.9218364
0.0,0.41142255
0.0,0.6908634
0.0,0.0855162
0.0,0.1261514
0.0,0.8865053
0.0,0.5026822
0.0,0.67882496
0.0,0.34532702
0.0,0.8589214
0.0,0.22403266
0.0,0.45712164
0.0,0.8506978
0.0,0.5692821
1.0,0.07104169
0.0,0.08074823
0.0,0.8475139
0.0,0.4130736
0.0,0.6861098
0.0,0.07673314
0.0,0.34331867
0.0,0.08457691
0.0,0.5936265
0.0,0.33375698
1.0,0.93025327
0.0,0.32910532
0.0,0.88075876
0.0,0.52409154
0.0,0.1228797
0.0,0.9668105
0.0,0.8821259
0.0,0.4444278
0.0,0.2338745
1.0,0.84992045
0.0,0.19002229
0.0,0.05798599
1.0,0.13927421
0.0,0.14139056
0.0,0.12296541
0.0,0.92406005
1.0,0.91748726
0.0,0.37836462
0.0,0.07907693
0.0,0.6409836
0.0,0.8590647
0.0,0.14605889
1.0,0.8989296
1.0,0.12917028
0.0,0.09846102
0.0,0.10985254
0.0,0.975875
0.0,0.62567264
0.0,0.42371005
0.0,0.8354105
1.0,0.92288965
0.0,0.39158925
1.0,0.14118707
1.0,0.8080534
0.0,0.8409917
0.0,0.94168985
0.0,0.25223404
0.0,0.08033275
0.0,0.2577725
1.0,0.9525923
1.0,0.9120382
1.0,0.12593661
0.0,0.10930151
0.0,0.20583023
0.0,0.14264043
1.0,0.89433545
0.0,0.37143686
0.0,0.13140835
1.0,0.2211426
1.0,0.97297746
1.0,0.12656927
0.0,0.18343851
0.0,0.5503604
0.0,0.8998813
0.0,0.45600173
0.0,0.41841233
0.0,0.17090575
0.0,0.20676133
0.0,0.30461746
0.0,0.12639906
1.0,0.98078096
1.0,0.39068183
1.0,0.86206865
0.0,0.30491033
0.0,0.22718756
0.0,0.9703608
0.0,0.06688142
0.0,0.16364692
1.0,0.92731005
1.0,0.9631058
0.0,0.1096343
0.0,0.047967214
0.0,0.4099818
0.0,0.6123489
0.0,0.13833135
1.0,0.90718025
0.0,0.26936218
0.0,0.16743332
0.0,0.059114736
0.0,0.873558
0.0,0.087855116
0.0,0.7995463
1.0,0.7049153
0.0,0.11735397
1.0,0.36022824
1.0,0.82695186
0.0,0.7030311
1.0,0.43942198
0.0,0.38352388
0.0,0.32804158
0.0,0.11768633
0.0,0.0824997
0.0,0.7383295
1.0,0.9091838
0.0,0.26587832
0.0,0.1462149
0.0,0.57177305
0.0,0.088147305
0.0,0.10807243
0.0,0.09232697
0.0,0.79406303
1.0,0.054798517
0.0,0.4005516
0.0,0.6758735
0.0,0.08455108
0.0,0.060308587
0.0,0.14157353
0.0,0.08812653
0.0,0.093360566
0.0,0.40907714
1.0,0.77098244
0.0,0.14642665
0.0,0.91134804
1.0,0.9688176
0.0,0.30307937
0.0,0.68837583
1.0,0.8988162
0.0,0.7410892
1.0,0.8800168
0.0,0.48234886
0.0,0.37753013
0.0,0.93079215
0.0,0.22145955
0.0,0.100737825
0.0,0.43449998
0.0,0.5329771
0.0,0.3201044
0.0,0.49109024
0.0,0.33550236
0.0,0.09169777
1.0,0.30304992
0.0,0.1320277
0.0,0.43409842
0.0,0.11240026
0.0,0.04227652
0.0,0.8524939
1.0,0.78468984
0.0,0.5079629
0.0,0.374231
0.0,0.26691312
1.0,0.63158506
0.0,0.5615118
0.0,0.6947203
0.0,0.8613005
0.0,0.63781744
0.0,0.58488315
0.0,0.036118083
1.0,0.7420405
0.0,0.07627906
0.0,0.8094464
0.0,0.83715475
0.0,0.8261971
0.0,0.49711636
0.0,0.59890103
0.0,0.15046546
0.0,0.42801347
0.0,0.39777648
0.0,0.75359255
0.0,0.14626268
1.0,0.93845415
1.0,0.9443249
0.0,0.42746085
0.0,0.2151876
0.0,0.9693498
0.0,0.15567698
1.0,0.883791
1.0,0.8781979
0.0,0.18313323
0.0,0.19814745
0.0,0.09165024
1.0,0.7129603
1.0,0.84636414
1.0,0.7783969
0.0,0.43218967
0.0,0.21757074
0.0,0.9105771
0.0,0.54257405
0.0,0.048065256
0.0,0.14021654
1.0,0.8609666
1.0,0.92297703
0.0,0.27860925
0.0,0.23032086
0.0,0.54456097
0.0,0.95716584
0.0,0.8747205
0.0,0.6189643
1.0,0.7889192
1.0,0.9222588
1.0,0.19063808
1.0,0.20448273
1.0,0.0759032
0.0,0.113809414
1.0,0.075078234
1.0,0.20679341
1.0,0.08422506
1.0,0.40663326
1.0,0.06921076
1.0,0.09768463
0.0,0.53836685
1.0,0.20647998
1.0,0.6188895
1.0,0.20227116
0.0,0.83003587
0.0,0.52099675
0.0,0.96931756
0.0,0.20518847
0.0,0.2370613
0.0,0.24360697
0.0,0.49542293
0.0,0.708588
1.0,0.9079088
1.0,0.8494373
0.0,0.09226245
0.0,0.7980229
0.0,0.11992069
1.0,0.9205877
0.0,0.067107014
0.0,0.6419709
0.0,0.026980212
0.0,0.40171963
0.0,0.05351954
0.0,0.38948074
0.0,0.08216017
0.0,0.08256026
0.0,0.04181528
1.0,0.11789817
1.0,0.90645623
0.0,0.11864084
0.0,0.39635843
0.0,0.22906937
0.0,0.7248983
0.0,0.90747035
0.0,0.32887682
0.0,0.27560654
0.0,0.23796856
0.0,0.07685826
0.0,0.42108747
0.0,0.46067694
1.0,0.9025429
0.0,0.6493612
0.0,0.13362673
0.0,0.31293276
1.0,0.9838275
1.0,0.86077404
0.0,0.3203297
0.0,0.09979213
0.0,0.40052482
0.0,0.14784846
0.0,0.5327212
0.0,0.072768316
0.0,0.12670588
0.0,0.6730403
0.0,0.9453007
0.0,0.76205754
0.0,0.496961
0.0,0.066621445
1.0,0.41905686
1.0,0.96214736
0.0,0.43636703
0.0,0.92614007
1.0,0.98789924
1.0,0.9289574
0.0,0.08715404
1.0,0.8851558
1.0,0.84354967
0.0,0.90003556
0.0,0.109086424
1.0,0.77340513
0.0,0.33055058
0.0,0.05277651
0.0,0.06174075
0.0,0.64092714
0.0,0.47541648
0.0,0.41161183
1.0,0.959062
0.0,0.5293958
1.0,0.8383804
0.0,0.82174855
0.0,0.38423517
0.0,0.39021868
1.0,0.62630635
0.0,0.9344683
0.0,0.15477765
0.0,0.8925068
0.0,0.20127411
0.0,0.16675733
0.0,0.8911596
0.0,0.15657179
0.0,0.01973077
0.0,0.11516913
1.0,0.8673659
1.0,0.72644264
0.0,0.90332913
0.0,0.6111221
0.0,0.6831781
1.0,0.063623585
1.0,0.08113192
0.0,0.079426795
1.0,0.06592793
0.0,0.06484745
1.0,0.8265913
1.0,0.5040196
0.0,0.71650106
0.0,0.10307893
0.0,0.49013594
0.0,0.33232656
0.0,0.48612037
1.0,0.9497016
0.0,0.87369573
0.0,0.5040423
0.0,0.06261357
0.0,0.6198197
0.0,0.95908815
1.0,0.8414874
0.0,0.8219599
0.0,0.9888043
0.0,0.41927788
0.0,0.8164105
0.0,0.7890008
0.0,0.7476278
0.0,0.07156941
0.0,0.22969265
0.0,0.07800853
0.0,0.30206263
0.0,0.11261139
0.0,0.2378662
0.0,0.11590188
0.0,0.13731271
0.0,0.26989526
0.0,0.1252722
1.0,0.8057652
1.0,0.8634899
1.0,0.4809889
1.0,0.7238996
0.0,0.3737043
0.0,0.7844742
0.0,0.15575857
0.0,0.08824261
1.0,0.7703001
0.0,0.7792199
0.0,0.59352607
0.0,0.17568745
1.0,0.8379611
1.0,0.824182
1.0,0.856351
0.0,0.32021374
1.0,0.8307572
1.0,0.9559259
1.0,0.29619795
0.0,0.19812866
0.0,0.87738055
0.0,0.03067315
1.0,0.9907548
0.0,0.1598718
0.0,0.41016942
0.0,0.08187586
0.0,0.29772994
0.0,0.41152534
0.0,0.11469642
1.0,0.74386305
0.0,0.15332681
0.0,0.20474595
0.0,0.053868975
0.0,0.89192533
0.0,0.04731512
0.0,0.19711955
0.0,0.06943198
0.0,0.6011869
0.0,0.7910086
1.0,0.89646095
0.0,0.10452154
0.0,0.879451
0.0,0.2623603
0.0,0.68743455
0.0,0.95525616
0.0,0.23633948
0.0,0.090155914
0.0,0.5548501
0.0,0.48570275
0.0,0.22673634
0.0,0.48167145
0.0,0.37875074
0.0,0.64585066
0.0,0.042652253
0.0,0.2667115
0.0,0.06690995
1.0,0.82461023
0.0,0.27511916
0.0,0.7330705
1.0,0.8417747
0.0,0.3290265
0.0,0.51964694
0.0,0.44819182
0.0,0.15040635
1.0,0.9280523
0.0,0.9634221
0.0,0.08287366
1.0,0.8991665
0.0,0.9258842
0.0,0.6347853
0.0,0.39196122
1.0,0.6163466
1.0,0.1639544
0.0,0.32462043
0.0,0.7407423
0.0,0.62511444
0.0,0.68371284
0.0,0.8785671
0.0,0.09216258
0.0,0.67961705
0.0,0.68384606
0.0,0.8738846
1.0,0.93872917
0.0,0.29731232
1.0,0.95632267
1.0,0.53490645
1.0,0.2578628
0.0,0.08609764
1.0,0.9644355
1.0,0.89989054
0.0,0.27154922
0.0,0.9249514
1.0,0.6561918
0.0,0.527058
0.0,0.03850315
0.0,0.16697685
1.0,0.6643524
0.0,0.1739787
0.0,0.6923808
0.0,0.87430805
0.0,0.2138856
0.0,0.19665982
1.0,0.8126789
1.0,0.45293313
1.0,0.76425976
0.0,0.93123853
0.0,0.6831816
1.0,0.9378914
0.0,0.7984315
1.0,0.8209119
1.0,0.32742217
0.0,0.14320117
0.0,0.22762775
0.0,0.084423825
0.0,0.34126276
1.0,0.72580516
1.0,0.91855663
1.0,0.81172705
0.0,0.8627634
0.0,0.76289743
1.0,0.7180466
1.0,0.41956758
0.0,0.3814844
1.0,0.91416687
0.0,0.63003373
1.0,0.09993466
0.0,0.43383142
0.0,0.0737802
0.0,0.4665747
0.0,0.24371777
0.0,0.7863557
0.0,0.49346355
1.0,0.96078765
0.0,0.18348311
0.0,0.038629513
1.0,0.14067724
1.0,0.024865514
1.0,0.21021877
0.0,0.6612479
0.0,0.048749015
0.0,0.9297364
0.0,0.662146
0.0,0.9151865
1.0,0.16459128
1.0,0.59207356
0.0,0.6774143
0.0,0.24156162
1.0,0.9460122
0.0,0.07305791
0.0,0.8911778
0.0,0.66950387
1.0,0.93081653
1.0,0.88715166
1.0,0.8555893
0.0,0.69602966
1.0,0.7297908
0.0,0.74422437
0.0,0.41261703
1.0,0.64299107
1.0,0.9536138
1.0,0.956592
0.0,0.033874586
0.0,0.09054634
1.0,0.9560028
0.0,0.94206643
0.0,0.20260602
0.0,0.14341043
0.0,0.8943479
1.0,0.9272921
0.0,0.054268423
0.0,0.79116225
0.0,0.08774661
0.0,0.5897356
0.0,0.0624067
0.0,0.31295252
0.0,0.6294151
0.0,0.48082823
0.0,0.09071283
1.0,0.18980522
1.0,0.92566717
0.0,0.20106456
0.0,0.07888766
1.0,0.93071556
1.0,0.4625918
0.0,0.5195531
0.0,0.03544825
0.0,0.65287644
1.0,0.7733827
0.0,0.33971334
0.0,0.41222212
0.0,0.27876574
1.0,0.35968685
1.0,0.32100555
1.0,0.49144527
1.0,0.17510404
0.0,0.021832481
0.0,0.7318031
0.0,0.7790184
1.0,0.48639098
0.0,0.13959101
1.0,0.31885675
0.0,0.23675899
0.0,0.31164613
0.0,0.07719477
1.0,0.53640586
1.0,0.90154856
0.0,0.6970791
1.0,0.93802094
0.0,0.95591784
0.0,0.12568764
0.0,0.15952615
0.0,0.81813765
0.0,0.9331521
0.0,0.08334289
0.0,0.62896705
0.0,0.5423737
0.0,0.24766734
0.0,0.24103016
0.0,0.3562364
0.0,0.5208061
0.0,0.32544768
0.0,0.4497321
1.0,0.6384349
0.0,0.30702853
0.0,0.19564086
1.0,0.14657629
0.0,0.74915886
0.0,0.48829675
1.0,0.6547287
0.0,0.22448914
0.0,0.9168598
1.0,0.9172626
0.0,0.11344223
0.0,0.09544075
0.0,0.7625051
1.0,0.91147727
1.0,0.9531741
0.0,0.6242855
1.0,0.18743052
0.0,0.7725423
0.0,0.2904389
0.0,0.10358568
0.0,0.48621833
0.0,0.18340738
1.0,0.9350906
0.0,0.7844722
0.0,0.7185451
0.0,0.9057063
0.0,0.11782765
0.0,0.1105003
1.0,0.27891198
0.0,0.20057768
0.0,0.1310376
1.0,0.5348442
1.0,0.5573613
1.0,0.7511856
0.0,0.17835928
1.0,0.15730877
0.0,0.099509895
1.0,0.09084718
1.0,0.36034977
1.0,0.66398185
1.0,0.3141841
0.0,0.95954627
1.0,0.61964697
0.0,0.1715962
0.0,0.5682588
1.0,0.8633545
0.0,0.08908067
1.0,0.9660687
1.0,0.9782889
1.0,0.9487303
0.0,0.7458681
1.0,0.77111155
0.0,0.1242902
1.0,0.9223124
0.0,0.058798216
0.0,0.961334
1.0,0.6188227
0.0,0.23852116
1.0,0.92708427
0.0,0.19810426
0.0,0.1357998
0.0,0.51041037
1.0,0.39942017
0.0,0.5939505
0.0,0.7338743
0.0,0.15651555
0.0,0.9474078
1.0,0.86018115
0.0,0.9660543
0.0,0.059481915
0.0,0.75085413
0.0,0.06605079
1.0,0.797314
1.0,0.3815592
1.0,0.93603677
1.0,0.72168165
1.0,0.87362885
0.0,0.78060836
0.0,0.9128417
0.0,0.15164664
0.0,0.40671027
0.0,0.15099753
0.0,0.06772359
0.0,0.19900487
1.0,0.23660612
0.0,0.42637902
0.0,0.37346295
1.0,0.67770064
0.0,0.05164877
1.0,0.68069
1.0,0.2066797
0.0,0.8664598
0.0,0.15709324
1.0,0.8488698
0.0,0.12828714
1.0,0.7767828
0.0,0.036815964
0.0,0.08293648
1.0,0.67312336
1.0,0.19683641
0.0,0.10449789
1.0,0.8170495
0.0,0.9295194
0.0,0.0354646
0.0,0.7566803
1.0,0.44438115
0.0,0.11339528
0.0,0.7507336
0.0,0.111644775
0.0,0.51118624
0.0,0.43372327
0.0,0.6514386
0.0,0.42734084
0.0,0.23259042
1.0,0.97032386
1.0,0.95313513
0.0,0.8988308
0.0,0.30527064
0.0,0.65111333
1.0,0.14910756
0.0,0.46796334
0.0,0.1912509
0.0,0.8416507
0.0,0.95240045
0.0,0.97263205
1.0,0.95623064
0.0,0.45626011
0.0,0.47361135
1.0,0.9347078
1.0,0.56607336
0.0,0.38164413
1.0,0.81465495
0.0,0.23953064
1.0,0.9329911
0.0,0.9323203
0.0,0.03577394
1.0,0.66659504
0.0,0.051095437
0.0,0.65391773
1.0,0.774036
0.0,0.19198604
1.0,0.9585219
0.0,0.12082109
0.0,0.10607175
0.0,0.05364887
0.0,0.33664545
0.0,0.058886625
0.0,0.057716813
0.0,0.35288534
0.0,0.8987363
1.0,0.6644718
1.0,0.4803128
1.0,0.47532043
1.0,0.54612416
1.0,0.29463986
1.0,0.41257536
1.0,0.32390937
1.0,0.14273731
1.0,0.0543608
1.0,0.14507583
1.0,0.14142686
0.0,0.8509275
0.0,0.25839558
0.0,0.39181504
1.0,0.9132214
0.0,0.16900472
0.0,0.10102962
0.0,0.10831091
0.0,0.8882946
0.0,0.10256174
1.0,0.9087771
1.0,0.7868805
0.0,0.9419296
0.0,0.17713639
0.0,0.23233548
1.0,0.9516046
1.0,0.886616
0.0,0.25114885
0.0,0.7854336
0.0,0.07585487
0.0,0.1302022
1.0,0.83717716
1.0,0.9553914
0.0,0.19274527
0.0,0.8224638
0.0,0.55130064
0.0,0.5805699
0.0,0.88508415
0.0,0.066788755
1.0,0.96849346
1.0,0.4077975
1.0,0.11379093
0.0,0.16021049
1.0,0.6359508
1.0,0.7671163
1.0,0.37095368
0.0,0.084707916
0.0,0.1295993
0.0,0.19601764
0.0,0.08312089
0.0,0.7316799
0.0,0.11587087
0.0,0.11300019
0.0,0.6250746
0.0,0.2142586
0.0,0.8748524
0.0,0.07092413
0.0,0.21026453
1.0,0.95210284
0.0,0.35750723
1.0,0.92994285
1.0,0.98171127
1.0,0.73110634
0.0,0.24167275
0.0,0.4559823
0.0,0.30788606
0.0,0.2789222
0.0,0.24368809
1.0,0.14756589
0.0,0.08320491
0.0,0.23473856
0.0,0.24196692
0.0,0.0928115
1.0,0.37210518
0.0,0.6899233
1.0,0.7069817
1.0,0.9255326
0.0,0.7396613
0.0,0.07343245
0.0,0.24601051
0.0,0.20085755
0.0,0.7853462
0.0,0.42389277
0.0,0.06324549
0.0,0.2171796
0.0,0.37623927
0.0,0.87085426
1.0,0.92398477
1.0,0.8384024
0.0,0.6244001
0.0,0.70622486
0.0,0.8617409
0.0,0.6328916
1.0,0.97206897
0.0,0.21408121
0.0,0.14705269
0.0,0.40003654
0.0,0.46864197
0.0,0.03157417
1.0,0.8437954
0.0,0.27403662
0.0,0.8106175
0.0,0.43395963
0.0,0.1826285
0.0,0.17906871
1.0,0.3595359
1.0,0.78497964
1.0,0.4506838
1.0,0.25329542
1.0,0.71907336
0.0,0.16273223
0.0,0.8756397
0.0,0.34868398
0.0,0.7887712
0.0,0.15536572
0.0,0.16030812
0.0,0.6712732
1.0,0.8830517
0.0,0.17534754
1.0,0.9727992
1.0,0.9390925
0.0,0.560078
0.0,0.6403958
0.0,0.42532706
0.0,0.14583199
0.0,0.49342337
0.0,0.14471997
0.0,0.3493842
1.0,0.09283818
1.0,0.30571815
0.0,0.48869842
1.0,0.2676322
1.0,0.08934896
0.0,0.12903391
0.0,0.2223588
1.0,0.746288
1.0,0.2703227
1.0,0.6204527
1.0,0.13116579
0.0,0.08348413
0.0,0.058269482
1.0,0.94114566
0.0,0.16355634
0.0,0.3198844
0.0,0.96876377
0.0,0.09560501
0.0,0.940855
0.0,0.7190813
0.0,0.18749213
0.0,0.4634268
1.0,0.2249729
1.0,0.04799477
0.0,0.3395039
0.0,0.5789469
1.0,0.9179035
0.0,0.20931451
1.0,0.12595269
0.0,0.0707074
1.0,0.94595116
1.0,0.9106983
0.0,0.19411904
0.0,0.0975328
0.0,0.59509224
0.0,0.289394
0.0,0.8869541
1.0,0.94548047
1.0,0.929301
1.0,0.9685203
0.0,0.52919626
1.0,0.9578235
0.0,0.059150737
0.0,0.12517242
1.0,0.9769036
0.0,0.61328834
0.0,0.16311845
1.0,0.9477474
0.0,0.5350916
0.0,0.22049624
0.0,0.18410355
0.0,0.08395531
0.0,0.116754055
0.0,0.06671341
0.0,0.29691038
0.0,0.96604276
1.0,0.953817
0.0,0.4131856
0.0,0.13309425
0.0,0.14920446
1.0,0.8652026
1.0,0.053051088
0.0,0.12811927
0.0,0.124043405
0.0,0.75095034
0.0,0.03950207
0.0,0.04941677
1.0,0.7789008
1.0,0.94575953
1.0,0.9639216
0.0,0.85910565
0.0,0.7921441
0.0,0.9530251
0.0,0.84747195
1.0,0.9460557
1.0,0.9340263
0.0,0.112868436
0.0,0.7336566
0.0,0.2141824
0.0,0.05699922
1.0,0.9315725
1.0,0.10014217
0.0,0.22181919
1.0,0.8964408
1.0,0.9439827
0.0,0.057405476
0.0,0.3771298
0.0,0.21524288
1.0,0.3489448
1.0,0.9102732
0.0,0.17525788
0.0,0.14072181
0.0,0.43502843
1.0,0.9051998
0.0,0.36283433
0.0,0.81475306
0.0,0.20764267
0.0,0.16219828
0.0,0.15984604
0.0,0.7346646
0.0,0.391938
0.0,0.38241905
0.0,0.2202409
0.0,0.51514685
0.0,0.47741428
0.0,0.33953667
0.0,0.3450768
0.0,0.32249948
0.0,0.17284502
0.0,0.8086658
0.0,0.043889686
1.0,0.29142675
0.0,0.38184845
1.0,0.9355066
0.0,0.20945522
1.0,0.4545594
1.0,0.94786197
0.0,0.16443668
1.0,0.9309697
0.0,0.14884576
0.0,0.056724384
1.0,0.17068493
0.0,0.08327258
0.0,0.23567769
0.0,0.79402286
0.0,0.54299766
0.0,0.06957504
0.0,0.30126467
0.0,0.07997186
0.0,0.12829646
0.0,0.08906205
1.0,0.33937144
1.0,0.06081353
0.0,0.06330384
1.0,0.97503656
0.0,0.041156482
0.0,0.15941866
0.0,0.9160471
0.0,0.3355969
0.0,0.60690075
0.0,0.10873807
0.0,0.48684058
0.0,0.862462
0.0,0.041514903
0.0,0.8388676
0.0,0.86408645
0.0,0.34117523
1.0,0.94579566
0.0,0.56409585
1.0,0.95267564
0.0,0.8504575
1.0,0.7687298
0.0,0.20895419
0.0,0.1114855
0.0,0.16599782
0.0,0.41507238
0.0,0.10948154
0.0,0.06967129
0.0,0.1452273
0.0,0.96165216
0.0,0.28378114
0.0,0.8656994
0.0,0.780237
0.0,0.16689043
0.0,0.10322368
1.0,0.66205597
1.0,0.9341242
0.0,0.5664159
0.0,0.051753588
0.0,0.47728792
0.0,0.17676957
0.0,0.097521536
0.0,0.21818052
0.0,0.29911333
0.0,0.09343687
0.0,0.0855838
0.0,0.24393895
0.0,0.12402215
1.0,0.9068933
1.0,0.22109559
1.0,0.26260665
0.0,0.16357447
1.0,0.95557004
1.0,0.9534195
1.0,0.76284575
0.0,0.12893796
0.0,0.7946674
0.0,0.9159391
0.0,0.25907782
1.0,0.30410922
0.0,0.9008062
0.0,0.5317491
0.0,0.8944002
1.0,0.9381665
1.0,0.9808122
1.0,0.88447523
0.0,0.3147508
0.0,0.9424523
0.0,0.11097687
0.0,0.9706873
0.0,0.9395596
0.0,0.59598374
0.0,0.036331806
1.0,0.8018527
1.0,0.7835106
0.0,0.07293557
0.0,0.09180927
1.0,0.71748316
1.0,0.875857
0.0,0.6423718
0.0,0.27833644
0.0,0.14775229
0.0,0.18748713
0.0,0.8895159
0.0,0.60979575
0.0,0.21351387
1.0,0.9328859
0.0,0.8788114
0.0,0.8507576
0.0,0.78791964
1.0,0.8184255
0.0,0.8330947
0.0,0.9418697
0.0,0.16763961
0.0,0.46659815
0.0,0.6434874
0.0,0.07526943
0.0,0.50425893
0.0,0.2513668
0.0,0.18870758
0.0,0.7224786
1.0,0.53112966
1.0,0.96841866
1.0,0.26461083
0.0,0.27736926
0.0,0.90815324
0.0,0.194573
1.0,0.7928909
0.0,0.7608315
0.0,0.92070735
0.0,0.16766277
0.0,0.87710744
0.0,0.67766315
0.0,0.9612344
0.0,0.1455738
1.0,0.88413024
0.0,0.30506104
0.0,0.6417432
0.0,0.31602108
0.0,0.12846394
0.0,0.04727937
1.0,0.7533806
1.0,0.8929459
0.0,0.9026223
0.0,0.8733885
0.0,0.21077637
0.0,0.36216724
0.0,0.1150301
0.0,0.47397423
0.0,0.69022214
0.0,0.6230377
0.0,0.7416839
0.0,0.85643566
0.0,0.1417408
0.0,0.839719
1.0,0.29766598
0.0,0.34782234
1.0,0.976255
0.0,0.74058515
1.0,0.5914859
1.0,0.39836794
0.0,0.11197039
1.0,0.87033254
1.0,0.4980466
0.0,0.24561974
0.0,0.3892886
0.0,0.4665723
0.0,0.2263553
0.0,0.14158411
0.0,0.49381968
0.0,0.72025657
0.0,0.7512957
1.0,0.9283751
0.0,0.21620195
0.0,0.72758573
0.0,0.2729255
0.0,0.17868969
1.0,0.91679394
0.0,0.12949754
0.0,0.43561524
0.0,0.81175303
0.0,0.12352377
0.0,0.03856972
1.0,0.7778141
0.0,0.30157578
0.0,0.3605568
1.0,0.064891085
1.0,0.9628313
0.0,0.6527859
1.0,0.5397935
0.0,0.12053336
0.0,0.1714829
0.0,0.7287789
0.0,0.526195
0.0,0.42351872
0.0,0.13088576
1.0,0.1906399
0.0,0.9030279
0.0,0.86091655
1.0,0.8969632
1.0,0.12732452
1.0,0.7764351
1.0,0.9381769
0.0,0.94479114
0.0,0.3037712
0.0,0.88258255
0.0,0.0689092
0.0,0.26154137
0.0,0.18736374
1.0,0.99154484
1.0,0.97350377
0.0,0.11552777
0.0,0.8139205
1.0,0.8813482
0.0,0.15861502
0.0,0.118233606
1.0,0.97082627
1.0,0.88391256
1.0,0.9733719
1.0,0.9097348
0.0,0.8305665
0.0,0.8509587
0.0,0.7367736
0.0,0.029275985
0.0,0.16940302
1.0,0.8154773
0.0,0.16271104
0.0,0.31258044
1.0,0.77182543
0.0,0.487341
0.0,0.12981081
0.0,0.8470048
0.0,0.73312503
0.0,0.045376513
1.0,0.9579024
0.0,0.07704872
0.0,0.4531847
0.0,0.9245989
1.0,0.4469761
0.0,0.85580385
0.0,0.8500737
0.0,0.6757303
0.0,0.5573025
0.0,0.11580251
0.0,0.5035072
0.0,0.67988276
0.0,0.9205784
0.0,0.858074
0.0,0.02487551
0.0,0.04533848
0.0,0.07134478
0.0,0.444517
1.0,0.9586209
0.0,0.12411187
0.0,0.7072963
0.0,0.22942974
0.0,0.100718945
0.0,0.2564393
0.0,0.68285185
1.0,0.97129726
1.0,0.965988
0.0,0.9220064
0.0,0.5581381
0.0,0.4100941
0.0,0.75468713
0.0,0.18314263
0.0,0.042007565
0.0,0.091727145
0.0,0.4283622
0.0,0.44404453
1.0,0.8708354
1.0,0.6349722
0.0,0.53292334
0.0,0.12958203
0.0,0.15827206
1.0,0.31505185
0.0,0.6805368
0.0,0.1427157
0.0,0.247055
0.0,0.96771663
0.0,0.8266207
1.0,0.17648754
0.0,0.23746516
0.0,0.56913537
0.0,0.38377473
0.0,0.6293628
0.0,0.271581
0.0,0.2777347
0.0,0.5241581
0.0,0.66241544
0.0,0.519111
0.0,0.046307303
0.0,0.21081986
0.0,0.09546795
0.0,0.62898993
1.0,0.592598
0.0,0.15047319
0.0,0.12154333
0.0,0.13083887
0.0,0.35673136
0.0,0.16738938
0.0,0.111527786
0.0,0.6784146
0.0,0.35635713
0.0,0.05342076
0.0,0.16904412
1.0,0.9098206
0.0,0.63803804
0.0,0.4483438
0.0,0.07094387
0.0,0.8817019
1.0,0.6331934
1.0,0.8374028
1.0,0.8568029
0.0,0.2523063
1.0,0.70582026
0.0,0.09235434
0.0,0.24066965
0.0,0.4449749
1.0,0.9288459
0.0,0.20015474
1.0,0.9568076
0.0,0.6802271
1.0,0.3997916
1.0,0.8578288
0.0,0.63705045
0.0,0.15371998
0.0,0.09573312
0.0,0.7353637
0.0,0.13424915
1.0,0.9081151
0.0,0.15485
1.0,0.93880975
0.0,0.048668172
0.0,0.09064917
0.0,0.16479413
0.0,0.10709957
0.0,0.09035112
1.0,0.74143136
0.0,0.18331851
0.0,0.11932988
0.0,0.499725
0.0,0.30180353
1.0,0.86023384
0.0,0.8756682
1.0,0.9057159
1.0,0.21002465
1.0,0.8148794
1.0,0.9476747
0.0,0.8825541
0.0,0.75082535
0.0,0.10103861
0.0,0.09181116
0.0,0.9699598
0.0,0.42735162
0.0,0.22069518
0.0,0.9336014
1.0,0.16548802
0.0,0.117620744
0.0,0.88060784
0.0,0.8333029
0.0,0.41801408
0.0,0.50572956
0.0,0.09427788
1.0,0.9432266
1.0,0.9788255
1.0,0.93866646
1.0,0.936405
1.0,0.8538148
0.0,0.94646466
0.0,0.85824937
0.0,0.6931086
0.0,0.7559638
1.0,0.84986985
1.0,0.06860689
0.0,0.914922
0.0,0.030602263
1.0,0.87214935
0.0,0.55661774
0.0,0.33490795
1.0,0.97063565
0.0,0.37141228
0.0,0.5616189
1.0,0.9213406
0.0,0.9028132
0.0,0.06857634
0.0,0.96452767
0.0,0.31528082
0.0,0.31445175
0.0,0.87254786
0.0,0.084293015
0.0,0.38368136
1.0,0.672976
1.0,0.8643045
1.0,0.73945326
0.0,0.23473772
0.0,0.29666245
0.0,0.92777085
0.0,0.37052765
0.0,0.13765723
0.0,0.41179812
1.0,0.8507521
0.0,0.85717255
1.0,0.9515182
0.0,0.03572237
0.0,0.0833915
0.0,0.4267158
0.0,0.4929061
0.0,0.04141587
0.0,0.08341619
0.0,0.88948035
0.0,0.18743351
0.0,0.15687695
0.0,0.12251489
1.0,0.91339326
1.0,0.72887397
0.0,0.053006336
0.0,0.5990315
0.0,0.6567772
0.0,0.15326908
0.0,0.07867673
0.0,0.057392143
0.0,0.16336738
0.0,0.8168147
0.0,0.122451246
1.0,0.3891311
0.0,0.0612394
1.0,0.9032372
1.0,0.9499539
1.0,0.9316652
0.0,0.0501798
1.0,0.6134737
0.0,0.059211113
0.0,0.7601854
0.0,0.72045285
1.0,0.46403173
0.0,0.060792103
0.0,0.23024946
0.0,0.24024066
1.0,0.865068
0.0,0.259039
0.0,0.24701123
0.0,0.17989035
0.0,0.1532002
0.0,0.14573954
0.0,0.112780035
1.0,0.064580515
0.0,0.09563247
1.0,0.14747998
1.0,0.0859471
0.0,0.30462906
0.0,0.90448487
0.0,0.07115416
0.0,0.2874423
1.0,0.9701559
0.0,0.05079359
0.0,0.18860464
0.0,0.16054018
1.0,0.79773015
0.0,0.914159
0.0,0.04917475
0.0,0.30499163
0.0,0.7980823
0.0,0.35149848
0.0,0.34719834
0.0,0.68618333
0.0,0.12408046
0.0,0.1570114
0.0,0.6263108
0.0,0.88295645
0.0,0.78802013
0.0,0.41054577
0.0,0.7438715
0.0,0.50975627
1.0,0.8896983
0.0,0.6748479
0.0,0.6059945
0.0,0.19638404
0.0,0.25273055
1.0,0.13098018
0.0,0.91274405
0.0,0.6417356
0.0,0.092957266
1.0,0.8884795
0.0,0.18858097
0.0,0.051819198
1.0,0.87915117
0.0,0.06569955
0.0,0.13858162
1.0,0.9287174
0.0,0.16442864
0.0,0.1257788
0.0,0.4993987
0.0,0.6519209
0.0,0.12789886
0.0,0.27534476
1.0,0.8980855
0.0,0.04494351
0.0,0.1124067
0.0,0.82658076
0.0,0.117008954
1.0,0.957024
0.0,0.069563024
0.0,0.24392636
0.0,0.6143235
1.0,0.040134624
0.0,0.09700265
0.0,0.18444689
0.0,0.97674346
0.0,0.11482626
0.0,0.4216109
1.0,0.9352714
0.0,0.40455678
0.0,0.06895076
0.0,0.058627058
0.0,0.9546095
0.0,0.8751199
1.0,0.118879944
0.0,0.039488006
0.0,0.6193654
0.0,0.26521605
0.0,0.6702043
1.0,0.74053884
1.0,0.033140678
0.0,0.8287999
0.0,0.14211988
0.0,0.11346001
0.0,0.17430678
1.0,0.8049904
1.0,0.22016588
0.0,0.14629632
0.0,0.75057495
0.0,0.053852864
0.0,0.2426699
0.0,0.39854142
1.0,0.20861912
0.0,0.7053395
0.0,0.3691005
1.0,0.8197467
1.0,0.2923817
1.0,0.46631673
0.0,0.95459896
0.0,0.41839245
0.0,0.4551466
0.0,0.28941303
0.0,0.39923
1.0,0.60034806
1.0,0.5802804
0.0,0.15091391
0.0,0.4915029
0.0,0.41419506
0.0,0.18119828
0.0,0.67512834
0.0,0.19221112
0.0,0.050196525
0.0,0.80378824
0.0,0.28448597
0.0,0.16165997
0.0,0.91295344
0.0,0.5739648
0.0,0.6952526
0.0,0.07901528
0.0,0.13656493
0.0,0.5878017
0.0,0.100265674
0.0,0.083767354
0.0,0.040587224
0.0,0.5833761
1.0,0.842135
0.0,0.90204084
0.0,0.67253834
0.0,0.9140009
1.0,0.91630465
1.0,0.3620453
0.0,0.094971426
0.0,0.13453135
0.0,0.13095692
0.0,0.42149958
0.0,0.97413355
0.0,0.736815
0.0,0.116086185
0.0,0.45905593
0.0,0.9570736
0.0,0.054263763
1.0,0.82533276
0.0,0.7577045
1.0,0.9497797
0.0,0.06383493
0.0,0.5916669
0.0,0.27975953
1.0,0.70803475
1.0,0.9473926
1.0,0.81241405
0.0,0.47396156
0.0,0.65919435
0.0,0.39881396
0.0,0.6144904
0.0,0.35184854
1.0,0.23153809
0.0,0.09926104
0.0,0.34246892
1.0,0.879701
0.0,0.76092684
0.0,0.4504555
0.0,0.073923476
0.0,0.8967985
0.0,0.1846783
0.0,0.31609964
0.0,0.22378726
0.0,0.12300973
0.0,0.46172294
0.0,0.1370144
0.0,0.20847031
0.0,0.7986717
0.0,0.3806036
0.0,0.09601816
0.0,0.9200419
0.0,0.25126937
0.0,0.74988216
0.0,0.7013529
0.0,0.05514706
0.0,0.18574244
0.0,0.3950313
0.0,0.24565451
1.0,0.5176511
0.0,0.09021201
0.0,0.26991704
0.0,0.042918947
0.0,0.20855795
1.0,0.85010016
0.0,0.56496835
0.0,0.9562889
0.0,0.035615925
1.0,0.9412093
0.0,0.05106476
0.0,0.9313266
0.0,0.95640343
1.0,0.9072293
0.0,0.2802613
0.0,0.6586335
0.0,0.060447138
1.0,0.94444555
1.0,0.64085543
0.0,0.67838436
0.0,0.5592583
0.0,0.78035927
0.0,0.9176534
0.0,0.46173695
1.0,0.96004236
0.0,0.22911821
1.0,0.86719537
1.0,0.5343581
0.0,0.07250355
0.0,0.97877663
0.0,0.80580467
0.0,0.046455707
1.0,0.6773748
0.0,0.8798714
1.0,0.964189
1.0,0.5627756
0.0,0.29052007
0.0,0.645579
0.0,0.60642767
1.0,0.89399993
0.0,0.8388644
0.0,0.0792721
1.0,0.9338428
0.0,0.8772859
1.0,0.36304218
0.0,0.68139935
0.0,0.91853833
0.0,0.1491859
0.0,0.84161943
1.0,0.19946948
0.0,0.23084566
0.0,0.12855464
0.0,0.077476665
0.0,0.09849385
0.0,0.07475074
0.0,0.754669
0.0,0.19220716
1.0,0.51210976
0.0,0.311532
1.0,0.52593845
1.0,0.49140295
0.0,0.15500602
0.0,0.70087284
0.0,0.39005235
0.0,0.49320903
0.0,0.809643
0.0,0.6945003
0.0,0.65098697
0.0,0.4327293
0.0,0.31956953
0.0,0.12566692
0.0,0.47776645
0.0,0.87203944
1.0,0.9700551
0.0,0.08174908
0.0,0.20904137
0.0,0.9525295
1.0,0.9688969
0.0,0.7508244
1.0,0.19753431
1.0,0.8631164
0.0,0.1172157
0.0,0.7377001
1.0,0.9662378
1.0,0.69317925
1.0,0.9149057
0.0,0.099347666
0.0,0.063394085
0.0,0.95074517
0.0,0.90051454
1.0,0.93007237
1.0,0.9800646
0.0,0.18611985
0.0,0.11086556
0.0,0.14171103
0.0,0.34355965
0.0,0.5978417
0.0,0.7026965
1.0,0.2845706
1.0,0.7586486
0.0,0.7424706
0.0,0.038459957
0.0,0.17639564
0.0,0.4495812
0.0,0.1480043
1.0,0.84565455
0.0,0.6104951
0.0,0.1546505
0.0,0.30628994
0.0,0.40026945
0.0,0.5409719
0.0,0.8112365
0.0,0.31565562
0.0,0.24440047
0.0,0.9346829
0.0,0.4550179
0.0,0.17520294
0.0,0.87482876
0.0,0.318553
0.0,0.26148403
0.0,0.7010318
0.0,0.08638436
1.0,0.8155685
0.0,0.6819727
1.0,0.92882943
0.0,0.8857474
1.0,0.85930717
1.0,0.8842979
0.0,0.42591158
0.0,0.22262391
0.0,0.21295527
0.0,0.46532163
0.0,0.9664714
0.0,0.0828491
0.0,0.37809289
0.0,0.8566236
0.0,0.15343046
0.0,0.09558277
1.0,0.8787073
1.0,0.8637672
1.0,0.9835082
0.0,0.33234027
0.0,0.7202574
0.0,0.5671914
0.0,0.6936303
1.0,0.9393211
1.0,0.8801197
1.0,0.8079386
1.0,0.2655177
0.0,0.20434089
0.0,0.247834
0.0,0.81492025
0.0,0.25557616
0.0,0.24596278
0.0,0.21626821
0.0,0.0881195
0.0,0.5027286
1.0,0.79591113
1.0,0.79971063
1.0,0.8758612
0.0,0.5964168
0.0,0.8908867
1.0,0.9305802
0.0,0.46039334
0.0,0.48260003
0.0,0.14487988
1.0,0.8276999
1.0,0.81415284
1.0,0.9364815
0.0,0.21624027
0.0,0.7697749
0.0,0.4769118
0.0,0.7205074
0.0,0.09202583
0.0,0.43684217
1.0,0.90056384
1.0,0.9516979
0.0,0.9327162
0.0,0.19123155
0.0,0.1182472
0.0,0.9212384
0.0,0.040590744
1.0,0.99494076
0.0,0.14449403
0.0,0.5667377
0.0,0.77487075
0.0,0.86860067
0.0,0.9679386
0.0,0.68262
1.0,0.868429
0.0,0.04309724
0.0,0.7349846
1.0,0.9287391
1.0,0.86182386
0.0,0.63454694
1.0,0.7883673
0.0,0.55723846
0.0,0.119021975
1.0,0.7798326
0.0,0.7282383
0.0,0.08888173
0.0,0.7775974
1.0,0.27039585
1.0,0.9150245
1.0,0.39246276
0.0,0.5141902
1.0,0.8336218
0.0,0.5973713
0.0,0.6546235
0.0,0.22366923
1.0,0.7733416
0.0,0.18994486
0.0,0.44360796
0.0,0.19188191
0.0,0.2813724
1.0,0.9382068
0.0,0.9308568
0.0,0.4683665
0.0,0.2427905
0.0,0.04909673
0.0,0.1516214
0.0,0.10149372
0.0,0.2890261
0.0,0.11399619
0.0,0.27885285
0.0,0.16458705
0.0,0.41240105
0.0,0.4277345
0.0,0.14604646
0.0,0.4229363
0.0,0.0620401
0.0,0.1904597
1.0,0.85011244
0.0,0.5666479
0.0,0.23249832
0.0,0.24871577
0.0,0.697078
0.0,0.13248858
0.0,0.7400708
0.0,0.83453953
0.0,0.55429155
1.0,0.7523826
0.0,0.09133179
0.0,0.90285563
1.0,0.87052494
0.0,0.11731164
0.0,0.08581744
0.0,0.41096586
0.0,0.9075154
0.0,0.23657249
1.0,0.7726707
0.0,0.60145175
0.0,0.10697595
1.0,0.87158966
0.0,0.6452001
0.0,0.035494894
0.0,0.1248765
0.0,0.26705298
1.0,0.05207619
0.0,0.6858558
0.0,0.06451306
0.0,0.43037036
1.0,0.4378667
0.0,0.26783678
0.0,0.3383823
0.0,0.44055557
0.0,0.0341338
0.0,0.0895336
0.0,0.1118492
0.0,0.39363125
1.0,0.94675475
0.0,0.8057036
0.0,0.53449225
0.0,0.09029545
1.0,0.86781913
0.0,0.43606225
0.0,0.2814757
0.0,0.7049866
1.0,0.8614939
1.0,0.94299966
0.0,0.3694341
0.0,0.83177435
0.0,0.11956612
1.0,0.92961955
0.0,0.89758736
0.0,0.90158814
0.0,0.28994855
1.0,0.91175824
1.0,0.2087999
1.0,0.054619744
0.0,0.59109944
1.0,0.4561201
1.0,0.74555075
0.0,0.20537071
0.0,0.5032115
0.0,0.23747014
0.0,0.20058654
0.0,0.14746366
0.0,0.84631294
0.0,0.15961061
0.0,0.26193172
0.0,0.10126722
1.0,0.15262477
1.0,0.18557864
1.0,0.93714786
0.0,0.12896036
0.0,0.18300983
1.0,0.8631335
1.0,0.936415
0.0,0.34931883
0.0,0.11104994
0.0,0.12628326
0.0,0.9302032
0.0,0.77441454
0.0,0.25124905
0.0,0.62816495
0.0,0.47798172
1.0,0.49853274
0.0,0.21383244
0.0,0.51112944
1.0,0.92101234
1.0,0.23022833
0.0,0.16005577
1.0,0.94369197
1.0,0.8248236
0.0,0.20642158
0.0,0.7825076
0.0,0.52336115
0.0,0.06499108
0.0,0.09639139
0.0,0.06534738
0.0,0.3884606
1.0,0.92070454
0.0,0.3689261
0.0,0.9247966
1.0,0.1682825
0.0,0.056475244
0.0,0.6209907
0.0,0.17887382
0.0,0.1960311
0.0,0.16571632
1.0,0.9134644
0.0,0.2816707
0.0,0.5723417
0.0,0.098761685
1.0,0.034791224
1.0,0.1750135
0.0,0.115955316
0.0,0.038549673
0.0,0.13999508
0.0,0.5414125
0.0,0.39866802
1.0,0.9327518
0.0,0.8397467
1.0,0.8485421
0.0,0.056662254
0.0,0.52455413
0.0,0.7438678
0.0,0.49697796
0.0,0.57598996
0.0,0.88360244
0.0,0.23674124
0.0,0.09613356
0.0,0.74099195
0.0,0.61579686
0.0,0.04711468
0.0,0.16404313
1.0,0.86990833
0.0,0.8235188
0.0,0.23624942
0.0,0.041515265
0.0,0.35363948
1.0,0.9160941
0.0,0.9034702
0.0,0.34578705
1.0,0.76692486
0.0,0.3163474
0.0,0.6516021
1.0,0.81772125
0.0,0.24998942
1.0,0.41487482
1.0,0.5295463
1.0,0.39553484
1.0,0.40283805
1.0,0.37784937
0.0,0.52973765
1.0,0.89685714
0.0,0.6335118
0.0,0.11189831
1.0,0.46787804
1.0,0.94986624
0.0,0.17437318
0.0,0.2212729
1.0,0.90366334
0.0,0.45401847
0.0,0.17783663
0.0,0.51696134
0.0,0.45635146
0.0,0.6598612
0.0,0.13113844
1.0,0.87470114
0.0,0.1297261
1.0,0.9226448
0.0,0.161081
0.0,0.4852144
1.0,0.9879188
1.0,0.19021817
0.0,0.5089784
0.0,0.7777354
1.0,0.7387231
1.0,0.45174178
1.0,0.5212706
0.0,0.9673735
0.0,0.10218559
1.0,0.95979935
0.0,0.4722522
0.0,0.9554308
0.0,0.077684216
0.0,0.23132142
0.0,0.9197523
0.0,0.7135454
1.0,0.8790022
0.0,0.7743959
0.0,0.13055032
0.0,0.20217589
0.0,0.13323326
0.0,0.21633591
0.0,0.123070106
0.0,0.25279844
0.0,0.9363357
0.0,0.32810605
0.0,0.17409386
0.0,0.3639274
0.0,0.17616001
0.0,0.12805332
0.0,0.835937
0.0,0.13136858
0.0,0.13926113
0.0,0.5796068
0.0,0.084906615
1.0,0.6854393
0.0,0.76634747
0.0,0.30879116
0.0,0.18484186
0.0,0.28583148
0.0,0.8474374
0.0,0.22101839
0.0,0.2667743
0.0,0.2641321
0.0,0.057992425
0.0,0.89986056
0.0,0.042721096
1.0,0.9582642
1.0,0.50894946
0.0,0.90714085
1.0,0.49167264
0.0,0.9053439
0.0,0.17216018
0.0,0.32593185
0.0,0.726327
0.0,0.19560373
0.0,0.94559884
1.0,0.9292741
1.0,0.9545203
0.0,0.16406457
0.0,0.10545247
1.0,0.91057605
0.0,0.17515254
0.0,0.8923668
0.0,0.5376828
1.0,0.93077695
1.0,0.41025677
0.0,0.80623925
0.0,0.12802953
0.0,0.24460417
0.0,0.87869966
0.0,0.59266686
0.0,0.17364569
1.0,0.37742585
1.0,0.93476236
1.0,0.9118998
0.0,0.8895842
0.0,0.1506863
0.0,0.370619
0.0,0.517262
1.0,0.44366014
0.0,0.24008279
0.0,0.24759062
1.0,0.93329144
0.0,0.14525318
1.0,0.71008664
1.0,0.6977692
1.0,0.38765272
1.0,0.04473816
1.0,0.123714104
0.0,0.18411295
0.0,0.68457764
0.0,0.8855214
0.0,0.4246767
1.0,0.8465993
1.0,0.62928724
1.0,0.2129042
0.0,0.18443467
1.0,0.27451715
0.0,0.9331028
0.0,0.73114985
0.0,0.5034492
0.0,0.06187052
1.0,0.31416696
0.0,0.42807347
1.0,0.9818548
0.0,0.8264487
0.0,0.92409223
0.0,0.31528038
0.0,0.1181892
0.0,0.25581372
0.0,0.5646621
0.0,0.12554975
0.0,0.8576106
0.0,0.3788993
0.0,0.49799517
0.0,0.59767413
0.0,0.7920488
0.0,0.417278
0.0,0.52162844
1.0,0.96773916
0.0,0.9014738
0.0,0.18507735
0.0,0.6814163
1.0,0.8562953
1.0,0.86697257
1.0,0.8319797
1.0,0.7472309
1.0,0.55818284
1.0,0.85916865
1.0,0.30255955
0.0,0.07163933
0.0,0.31312856
0.0,0.8245545
0.0,0.09967318
0.0,0.05887492
0.0,0.6314339
0.0,0.7712309
0.0,0.055191007
0.0,0.3601205
0.0,0.18421659
0.0,0.96121675
1.0,0.1569403
1.0,0.89427865
0.0,0.32708895
1.0,0.91791123
0.0,0.11909035
0.0,0.61148506
1.0,0.47231233
0.0,0.5807471
0.0,0.6921369
0.0,0.83743316
0.0,0.831245
0.0,0.4339429
0.0,0.18360539
0.0,0.4207731
0.0,0.35962301
0.0,0.19852233
1.0,0.7727829
0.0,0.15346108
0.0,0.49635983
1.0,0.45336926
1.0,0.6843889
0.0,0.44084725
0.0,0.387625
1.0,0.7821075
0.0,0.7601378
1.0,0.8692848
1.0,0.16683061
1.0,0.5449957
0.0,0.96145946
0.0,0.51438916
0.0,0.061673626
0.0,0.106475174
1.0,0.33604398
1.0,0.8991407
0.0,0.20391402
0.0,0.16784583
0.0,0.88344723
0.0,0.06641936
0.0,0.12566605
0.0,0.19308959
0.0,0.89775217
0.0,0.27156618
0.0,0.9206056
0.0,0.48161
1.0,0.26433623
0.0,0.10672211
0.0,0.06576879
0.0,0.27324322
0.0,0.45653313
0.0,0.2946951
1.0,0.60650367
0.0,0.48305959
1.0,0.9339869
0.0,0.06574517
1.0,0.6987742
0.0,0.91044897
0.0,0.7571442
0.0,0.11909345
1.0,0.35930526
0.0,0.41309705
0.0,0.20572433
1.0,0.8134295
0.0,0.5592929
0.0,0.95921844
0.0,0.85939455
1.0,0.8829428
1.0,0.9290767
0.0,0.9099064
0.0,0.14056046
1.0,0.9456361
0.0,0.07204713
0.0,0.16508746
0.0,0.23361307
0.0,0.08341416
0.0,0.051555578
0.0,0.09698248
0.0,0.13931637
0.0,0.14957735
0.0,0.030607902
0.0,0.12457212
0.0,0.40457597
0.0,0.27387005
0.0,0.6867015
1.0,0.9013954
1.0,0.27521607
1.0,0.8935868
0.0,0.9465815
1.0,0.6523515
0.0,0.897467
0.0,0.04459646
0.0,0.2811248
0.0,0.8734881
0.0,0.44346
0.0,0.71348256
1.0,0.76341766
1.0,0.43629068
0.0,0.563975
0.0,0.48664266
0.0,0.60113704
0.0,0.3443195
0.0,0.28398573
1.0,0.17101572
1.0,0.78198236
0.0,0.45208535
0.0,0.19918565
0.0,0.11572558
0.0,0.8546079
0.0,0.756345
0.0,0.5021591
0.0,0.7608687
0.0,0.13044553
0.0,0.17375758
0.0,0.37738463
0.0,0.1577775
0.0,0.7024724
0.0,0.10128907
0.0,0.16951956
0.0,0.2337756
1.0,0.85427153
1.0,0.612545
0.0,0.51829296
1.0,0.43745613
0.0,0.5022333
0.0,0.80491316
0.0,0.8873441
0.0,0.5424543
0.0,0.76100856
0.0,0.12076021
1.0,0.2173211
0.0,0.31737006
1.0,0.30853713
0.0,0.76642156
0.0,0.097296566
0.0,0.86963195
0.0,0.8073617
0.0,0.3390651
1.0,0.9615812
0.0,0.7279454
0.0,0.16288595
0.0,0.16934186
0.0,0.21484633
0.0,0.9508595
0.0,0.39831895
0.0,0.97847545
0.0,0.8911637
1.0,0.78811955
1.0,0.77064055
0.0,0.30144325
1.0,0.913737
1.0,0.8275857
0.0,0.10019967
0.0,0.3047287
1.0,0.947679
0.0,0.21013547
0.0,0.5089403
1.0,0.90736306
1.0,0.5252787
0.0,0.27724922
1.0,0.9537466
0.0,0.074521795
0.0,0.20915332
0.0,0.2775674
0.0,0.11830991
1.0,0.8160131
1.0,0.06437674
0.0,0.73013526
0.0,0.7752232
1.0,0.73382276
0.0,0.43104973
0.0,0.2912091
1.0,0.9051838
0.0,0.2170817
0.0,0.75060475
0.0,0.25135663
0.0,0.0700372
0.0,0.16310959
0.0,0.33147722
0.0,0.92025536
0.0,0.8258131
0.0,0.37476146
1.0,0.26642492
1.0,0.35061857
0.0,0.32529128
1.0,0.9021693
0.0,0.5724024
1.0,0.7913865
0.0,0.69368136
0.0,0.18210854
1.0,0.8927799
0.0,0.12547845
0.0,0.17294745
0.0,0.16727816
0.0,0.14302929
0.0,0.049444716
0.0,0.26396307
0.0,0.4290176
0.0,0.051193785
0.0,0.5980671
0.0,0.06501755
0.0,0.06899988
1.0,0.81763864
1.0,0.7120599
0.0,0.7672646
1.0,0.18231952
1.0,0.88516986
1.0,0.47188717
0.0,0.5675685
0.0,0.18454477
1.0,0.69937634
0.0,0.12630387
0.0,0.11043903
0.0,0.32339907
0.0,0.77981466
1.0,0.70493275
0.0,0.7767825
1.0,0.95866036
0.0,0.059356675
0.0,0.30154404
0.0,0.23502827
0.0,0.24235556
0.0,0.32566276
1.0,0.97652584
1.0,0.86636674
1.0,0.17862189
0.0,0.25283107
0.0,0.15923256
0.0,0.5260828
0.0,0.1475682
0.0,0.1933848
0.0,0.092215896
0.0,0.13557518
1.0,0.8184575
0.0,0.94426864
0.0,0.08451042
1.0,0.9315255
0.0,0.13442737
0.0,0.040526517
0.0,0.0450674
0.0,0.19749963
0.0,0.25264823
0.0,0.44862276
0.0,0.13171172
0.0,0.5857055
1.0,0.85842043
0.0,0.09760501
0.0,0.9427726
1.0,0.9191841
1.0,0.92853415
1.0,0.9343399
1.0,0.9171439
0.0,0.08632453
0.0,0.8743194
0.0,0.045261644
0.0,0.77447635
0.0,0.7973155
0.0,0.08341169
0.0,0.72978
0.0,0.11201091
1.0,0.5309105
0.0,0.71339244
0.0,0.7221954
1.0,0.2738075
0.0,0.26785308
0.0,0.5721261
0.0,0.08243051
1.0,0.97892445
0.0,0.7116519
0.0,0.44459
0.0,0.58261263
0.0,0.07946427
0.0,0.9270518
1.0,0.86215484
0.0,0.06946195
0.0,0.8154175
0.0,0.7380125
1.0,0.3521713
0.0,0.13840698
0.0,0.13331437
1.0,0.98081344
1.0,0.55428684
1.0,0.78688353
1.0,0.7326933
0.0,0.106604636
0.0,0.04690016
0.0,0.10726375
0.0,0.6877326
0.0,0.9747214
0.0,0.06883289
0.0,0.4971674
0.0,0.10352015
0.0,0.09130971
0.0,0.08449191
0.0,0.17814837
0.0,0.8681907
0.0,0.72492516
0.0,0.07925537
0.0,0.3104192
0.0,0.32834342
0.0,0.17860283
0.0,0.6466248
0.0,0.053994674
0.0,0.7219441
0.0,0.25471562
0.0,0.4833943
0.0,0.40142235
0.0,0.21670471
0.0,0.2607819
0.0,0.78939396
0.0,0.10002581
0.0,0.5909795
0.0,0.7690498
0.0,0.044532686
0.0,0.37164646
0.0,0.15070464
1.0,0.87529224
0.0,0.32834578
0.0,0.18420775
0.0,0.74955755
1.0,0.8499409
0.0,0.9165845
0.0,0.51876223
1.0,0.80694306
0.0,0.94076353
0.0,0.60156053
1.0,0.18914557
0.0,0.15411952
0.0,0.074785285
0.0,0.46935576
0.0,0.4449179
0.0,0.76129204
0.0,0.48393887
1.0,0.9457194
1.0,0.20824078
1.0,0.9709533
1.0,0.92690724
1.0,0.22490713
0.0,0.39270878
0.0,0.9258837
0.0,0.5301638
0.0,0.14723456
0.0,0.14758956
0.0,0.050929837
0.0,0.77320856
0.0,0.60530657
0.0,0.7292292
0.0,0.9310942
1.0,0.07164479
1.0,0.17148973
0.0,0.07557304
0.0,0.86255145
0.0,0.084653616
0.0,0.7833422
0.0,0.59821934
0.0,0.8934284
0.0,0.8863448
0.0,0.76814264
0.0,0.14534873
1.0,0.25812125
0.0,0.6745465
0.0,0.83964604
0.0,0.7602929
0.0,0.501566
1.0,0.92411363
0.0,0.095287025
0.0,0.22486371
1.0,0.8430086
0.0,0.95904213
0.0,0.34527066
0.0,0.34861672
0.0,0.85984755
0.0,0.8656955
1.0,0.33976117
1.0,0.47076297
0.0,0.08721673
1.0,0.67785907
0.0,0.10857436
0.0,0.9567067
0.0,0.03137606
0.0,0.3905086
0.0,0.3933369
0.0,0.34397027
0.0,0.86884344
0.0,0.078548625
0.0,0.101150475
0.0,0.10566125
0.0,0.4889441
1.0,0.81387454
0.0,0.83221227
0.0,0.12539107
0.0,0.060234506
0.0,0.72008187
0.0,0.2548855
0.0,0.8618492
0.0,0.17163824
0.0,0.052793093
0.0,0.30557996
1.0,0.710495
0.0,0.95915943
0.0,0.9192085
0.0,0.16349739
0.0,0.79510593
0.0,0.80440146
0.0,0.8484172
0.0,0.74961376
0.0,0.44214097
0.0,0.7112559
0.0,0.7189043
0.0,0.25635028
0.0,0.6201646
0.0,0.53261644
0.0,0.19408575
0.0,0.8547242
0.0,0.2947567
0.0,0.138349
0.0,0.6984064
0.0,0.90684617
0.0,0.8467386
1.0,0.9311936
0.0,0.17748065
0.0,0.6082096
0.0,0.64246905
0.0,0.5039141
0.0,0.25073937
0.0,0.24746938
0.0,0.67927045
1.0,0.80566597
1.0,0.69263804
1.0,0.6549439
0.0,0.8190478
0.0,0.505561
1.0,0.95051676
0.0,0.073729284
0.0,0.19222637
0.0,0.68248665
0.0,0.049373098
0.0,0.29374897
1.0,0.6484747
0.0,0.9534196
0.0,0.1360124
0.0,0.21089832
0.0,0.6821914
0.0,0.1070664
0.0,0.73806345
0.0,0.4008316
0.0,0.9295085
0.0,0.45556286
1.0,0.6679477
0.0,0.1308906
0.0,0.06432274
0.0,0.07631989
1.0,0.9619289
0.0,0.20562527
0.0,0.56614333
0.0,0.32951236
0.0,0.11554606
0.0,0.3001377
0.0,0.4189584
0.0,0.9600821
0.0,0.9065868
1.0,0.8172349
1.0,0.1576938
0.0,0.79556936
0.0,0.24467602
0.0,0.17875552
0.0,0.05854228
0.0,0.55489683
0.0,0.21500465
0.0,0.8064896
0.0,0.128026
0.0,0.108872026
1.0,0.964758
0.0,0.3053128
0.0,0.12887971
0.0,0.6444143
1.0,0.8750219
1.0,0.72217816
0.0,0.87123907
0.0,0.14214371
1.0,0.90539783
1.0,0.66505474
0.0,0.15448385
1.0,0.94458985
0.0,0.054831132
0.0,0.24822341
0.0,0.22136189
0.0,0.068863384
0.0,0.07748788
0.0,0.8929017
0.0,0.13793518
0.0,0.6371066
0.0,0.44525152
0.0,0.8970952
0.0,0.07284317
0.0,0.1458305
0.0,0.20717621
0.0,0.10090607
1.0,0.39018747
0.0,0.26122272
0.0,0.91774344
1.0,0.060104366
1.0,0.12481917
1.0,0.54000694
0.0,0.3179941
1.0,0.78445417
0.0,0.04958782
0.0,0.5645505
1.0,0.59822893
0.0,0.95403624
0.0,0.69252616
1.0,0.41091675
1.0,0.37707785
1.0,0.09395829
0.0,0.068398215
1.0,0.96873873
0.0,0.8960082
0.0,0.11361098
0.0,0.10450822
0.0,0.31457597
1.0,0.682746
1.0,0.7544901
0.0,0.94522274
0.0,0.6463147
0.0,0.8374181
0.0,0.19652107
0.0,0.06146813
1.0,0.87391675
0.0,0.27854052
1.0,0.9462033
0.0,0.87489283
0.0,0.57403916
0.0,0.18427601
0.0,0.4210321
0.0,0.50199
0.0,0.2525353
0.0,0.8595058
0.0,0.15000375
0.0,0.2518252
0.0,0.80087906
0.0,0.27961582
1.0,0.9573961
1.0,0.8950242
0.0,0.05844025
1.0,0.5548865
1.0,0.5790238
1.0,0.2013319
0.0,0.061033662
0.0,0.47018984
0.0,0.9161767
0.0,0.7950358
0.0,0.62207747
1.0,0.78461814
1.0,0.39728984
1.0,0.63774294
1.0,0.917036
1.0,0.8872642
0.0,0.6388869
1.0,0.70162785
0.0,0.5652388
0.0,0.43002722
0.0,0.15072407
0.0,0.049407
0.0,0.9238445
0.0,0.077712156
0.0,0.07421222
1.0,0.89114726
1.0,0.8434948
0.0,0.72091746
0.0,0.086808376
0.0,0.2967274
1.0,0.8926508
0.0,0.5683258
0.0,0.5502519
1.0,0.07856772
1.0,0.11105018
0.0,0.08370368
0.0,0.9513539
1.0,0.73299354
0.0,0.11497806
0.0,0.07057547
0.0,0.26248968
0.0,0.80638003
1.0,0.94695204
1.0,0.8339326
0.0,0.75463516
1.0,0.85860616
0.0,0.20072863
0.0,0.115847826
0.0,0.37998992
0.0,0.17706667
0.0,0.10250482
0.0,0.06566466
1.0,0.9122026
1.0,0.6282534
0.0,0.885581
0.0,0.14717452
0.0,0.092941865
0.0,0.40281788
0.0,0.5988491
0.0,0.21021037
0.0,0.916676
0.0,0.81757903
1.0,0.66113186
0.0,0.10305586
0.0,0.8725347
0.0,0.5655781
1.0,0.69834876
1.0,0.12174861
0.0,0.6121954
0.0,0.91886085
0.0,0.73512304
0.0,0.50598794
1.0,0.9103264
0.0,0.3114463
0.0,0.38076198
0.0,0.15692554
0.0,0.77714586
0.0,0.08933689
0.0,0.94760126
0.0,0.14759132
0.0,0.26024327
1.0,0.5754691
0.0,0.15645202
0.0,0.12746112
1.0,0.119723715
0.0,0.045417894
0.0,0.15942276
0.0,0.57096744
1.0,0.46694693
1.0,0.877868
0.0,0.5532344
0.0,0.09404241
0.0,0.5335568
0.0,0.8545649
0.0,0.29877704
0.0,0.123821564
0.0,0.06587305
0.0,0.7677033
1.0,0.37157023
0.0,0.03440841
0.0,0.33641097
0.0,0.6433403
1.0,0.9109986
0.0,0.6046455
0.0,0.08115257
0.0,0.8207329
0.0,0.13032152
1.0,0.5181048
1.0,0.24465531
0.0,0.34834647
0.0,0.6886903
1.0,0.11343241
0.0,0.42461246
1.0,0.88999456
1.0,0.908132
0.0,0.23071632
0.0,0.1109883
0.0,0.7404671
0.0,0.23768196
1.0,0.9106241
0.0,0.95546204
0.0,0.63443506
0.0,0.612812
0.0,0.22533175
1.0,0.78632784
0.0,0.551266
0.0,0.95142156
0.0,0.15185806
0.0,0.06427478
0.0,0.0707109
0.0,0.6981645
0.0,0.1503481
0.0,0.14929861
1.0,0.8856652
0.0,0.22754225
0.0,0.69256353
0.0,0.11961702
0.0,0.732478
0.0,0.70714843
1.0,0.91660005
1.0,0.83212674
1.0,0.9532816
0.0,0.1529099
0.0,0.2642438
0.0,0.7532361
0.0,0.3006639
0.0,0.39679837
0.0,0.965868
0.0,0.715655
0.0,0.4666199
1.0,0.8769636
0.0,0.7413063
0.0,0.9057222
1.0,0.9028685
0.0,0.51002085
0.0,0.87148654
0.0,0.10400622
0.0,0.11202622
0.0,0.82725286
0.0,0.09430749
0.0,0.7281429
0.0,0.8952106
0.0,0.78225887
1.0,0.91186655
0.0,0.1319019
1.0,0.94454724
0.0,0.9553886
0.0,0.31027508
0.0,0.106213465
0.0,0.17825586
0.0,0.9427597
0.0,0.33343223
0.0,0.6916624
0.0,0.7166859
0.0,0.35723493
0.0,0.29816565
1.0,0.9195797
0.0,0.22669318
0.0,0.19340126
0.0,0.08427158
0.0,0.27877662
1.0,0.19264045
1.0,0.20563908
1.0,0.9580827
0.0,0.20131311
0.0,0.24254307
0.0,0.23077531
0.0,0.3154015
0.0,0.908891
0.0,0.56448406
0.0,0.82375145
1.0,0.8294597
0.0,0.099127345
0.0,0.15147358
0.0,0.48411763
0.0,0.14770399
1.0,0.3330793
0.0,0.35420108
0.0,0.45233658
0.0,0.121335045
1.0,0.27871358
0.0,0.4348427
1.0,0.7904517
1.0,0.69714135
1.0,0.8681618
0.0,0.10525465
0.0,0.1669762
0.0,0.84693563
0.0,0.08036705
0.0,0.864542
1.0,0.2161142
0.0,0.190988
0.0,0.93521434
1.0,0.709268
1.0,0.11569762
0.0,0.060805768
0.0,0.5186027
0.0,0.76877356
0.0,0.10273163
1.0,0.51500446
1.0,0.92072
1.0,0.07180429
0.0,0.122815885
1.0,0.8769973
0.0,0.6030127
0.0,0.77035576
0.0,0.16645113
0.0,0.8999568
0.0,0.4245583
0.0,0.91573393
0.0,0.24007545
1.0,0.94814867
0.0,0.726748
0.0,0.6236109
0.0,0.060293768
0.0,0.14314826
0.0,0.73362684
0.0,0.6835651
1.0,0.6951301
0.0,0.16456844
1.0,0.669632
0.0,0.04971933
0.0,0.38426825
0.0,0.12238936
0.0,0.17395535
0.0,0.11711488
0.0,0.9432967
0.0,0.5110951
0.0,0.7922023
0.0,0.31668293
0.0,0.7161206
0.0,0.6181006
1.0,0.87201446
0.0,0.4652832
0.0,0.8839776
0.0,0.30525383
1.0,0.12852508
0.0,0.15055327
0.0,0.15325029
0.0,0.10487995
0.0,0.5487525
0.0,0.07653887
1.0,0.18173082
0.0,0.31428748
1.0,0.08939888
1.0,0.13953571
1.0,0.27427956
0.0,0.59688
1.0,0.85240984
0.0,0.15423906
1.0,0.7873383
0.0,0.71864694
0.0,0.7641599
0.0,0.16255975
0.0,0.6578862
0.0,0.9042275
0.0,0.34988424
1.0,0.77741665
1.0,0.8209008
1.0,0.104462266
0.0,0.11654435
0.0,0.8399386
0.0,0.90862226
0.0,0.5219295
0.0,0.7105993
0.0,0.40243313
0.0,0.9534308
0.0,0.42671573
0.0,0.7429059
1.0,0.16565014
0.0,0.7969774
0.0,0.8326467
0.0,0.41089326
0.0,0.17169484
0.0,0.17212729
0.0,0.79125035
0.0,0.15353286
0.0,0.63103676
1.0,0.13856226
1.0,0.8083663
0.0,0.113143235
0.0,0.93591094
0.0,0.5648836
1.0,0.23214984
1.0,0.9449393
0.0,0.060647283
0.0,0.09321871
0.0,0.47414798
0.0,0.5444174
0.0,0.09938653
0.0,0.1346129
0.0,0.15715943
1.0,0.82688004
1.0,0.9297868
1.0,0.34357992
0.0,0.20163806
1.0,0.10207252
1.0,0.2612346
1.0,0.7387263
1.0,0.6874479
0.0,0.48240355
0.0,0.12773836
1.0,0.14051516
0.0,0.88771534
0.0,0.46624282
0.0,0.4062616
0.0,0.92491955
0.0,0.26634842
0.0,0.2980452
1.0,0.9428082
1.0,0.9616668
0.0,0.18927014
0.0,0.93267906
0.0,0.09322697
0.0,0.34703386
0.0,0.8499698
1.0,0.8713255
0.0,0.2680014
1.0,0.94142926
1.0,0.2551309
0.0,0.9136049
0.0,0.06779321
0.0,0.9154659
0.0,0.086618654
0.0,0.168585
0.0,0.42495713
0.0,0.39766696
0.0,0.06621621
0.0,0.09705671
1.0,0.7313262
0.0,0.342278
0.0,0.75480837
0.0,0.85204196
0.0,0.119658865
0.0,0.74055743
0.0,0.6560824
0.0,0.3805881
1.0,0.94573146
1.0,0.9820218
0.0,0.8634689
0.0,0.06445259
0.0,0.5481338
1.0,0.8807328
0.0,0.08148476
0.0,0.15734845
0.0,0.07437117
0.0,0.2983328
0.0,0.18736939
1.0,0.9029648
0.0,0.1971199
0.0,0.5707463
1.0,0.90731835
0.0,0.3849438
1.0,0.8565167
0.0,0.03489948
1.0,0.2484098
1.0,0.26702374
0.0,0.2724422
1.0,0.9537352
0.0,0.032314975
0.0,0.58200836
1.0,0.584767
1.0,0.88909304
0.0,0.16221151
0.0,0.6873016
0.0,0.7887044
0.0,0.16296306
1.0,0.7957696
0.0,0.9714571
0.0,0.32840374
0.0,0.71108437
0.0,0.924197
1.0,0.05965564
0.0,0.036479235
0.0,0.53016734
1.0,0.81762624
1.0,0.8950663
1.0,0.5385893
0.0,0.48811978
0.0,0.3415401
0.0,0.046531744
0.0,0.3030774
0.0,0.8230141
1.0,0.6406896
0.0,0.13652898
0.0,0.28230157
0.0,0.86875033
1.0,0.8353726
0.0,0.9481665
0.0,0.098382175
0.0,0.3876692
0.0,0.87342894
0.0,0.7497438
0.0,0.2346226
1.0,0.9651262
0.0,0.70369565
0.0,0.22863093
0.0,0.25377047
0.0,0.039621554
0.0,0.9173509
1.0,0.7086529
0.0,0.52680695
0.0,0.17235893
1.0,0.24120574
0.0,0.6751458
0.0,0.06296864
0.0,0.10359036
0.0,0.15038972
0.0,0.4074089
1.0,0.94261616
0.0,0.577418
0.0,0.895811
0.0,0.2245192
0.0,0.7654278
0.0,0.059309296
0.0,0.87682617
1.0,0.7740557
0.0,0.16613652
1.0,0.79490787
1.0,0.8000783
0.0,0.6721618
0.0,0.43778735
0.0,0.047901135
0.0,0.17337371
0.0,0.71997756
1.0,0.89319974
1.0,0.8246673
0.0,0.957499
0.0,0.49663293
0.0,0.06337524
0.0,0.09332632
0.0,0.07045467
0.0,0.9184472
0.0,0.062375776
0.0,0.62779695
0.0,0.3115569
0.0,0.04373597
0.0,0.71176744
1.0,0.93888193
0.0,0.8997449
1.0,0.6353084
0.0,0.09483284
1.0,0.8027333
1.0,0.9454048
0.0,0.108967595
1.0,0.89641935
1.0,0.8474849
1.0,0.4660166
1.0,0.8419017
0.0,0.07322568
0.0,0.1627866
1.0,0.93667746
0.0,0.4435912
1.0,0.93495595
0.0,0.11042953
0.0,0.2903738
0.0,0.7147918
0.0,0.28606567
0.0,0.9194467
0.0,0.4157777
0.0,0.046408024
0.0,0.5342475
0.0,0.76980007
0.0,0.27381983
0.0,0.11328934
0.0,0.068510145
0.0,0.08403736
0.0,0.96438515
0.0,0.36806664
0.0,0.28304303
0.0,0.766564
0.0,0.7855955
0.0,0.7046935
0.0,0.1724995
0.0,0.8117067
0.0,0.7099782
0.0,0.32777366
0.0,0.52714753
0.0,0.9337617
0.0,0.8555904
0.0,0.40952906
0.0,0.67882377
1.0,0.28879434
1.0,0.9220667
1.0,0.40363565
1.0,0.33843574
0.0,0.47643435
0.0,0.5870578
0.0,0.08087859
0.0,0.5246264
0.0,0.17026313
0.0,0.6043717
0.0,0.88577294
0.0,0.1535036
0.0,0.7874517
0.0,0.074674435
0.0,0.7842136
0.0,0.14904602
1.0,0.3441234
0.0,0.572798
0.0,0.4125917
0.0,0.055277266
1.0,0.92086804
0.0,0.3038572
1.0,0.6706906
1.0,0.53224474
1.0,0.124415405
1.0,0.18972917
1.0,0.12285956
1.0,0.10412213
0.0,0.2340877
0.0,0.07829592
0.0,0.68072623
0.0,0.35590884
0.0,0.082366824
0.0,0.52064574
0.0,0.15334547
0.0,0.59967667
0.0,0.4520792
0.0,0.9235344
0.0,0.07326011
1.0,0.5294413
0.0,0.67683524
0.0,0.69337153
0.0,0.2260701
0.0,0.06312048
0.0,0.26640767
0.0,0.9416264
0.0,0.9401598
0.0,0.94909775
0.0,0.92041785
0.0,0.33919635
0.0,0.78564143
0.0,0.93170327
1.0,0.87606674
1.0,0.541916
0.0,0.08061713
1.0,0.5848412
0.0,0.39422172
1.0,0.9661747
1.0,0.8906422
0.0,0.25650978
1.0,0.9657369
1.0,0.9313787
0.0,0.09989192
1.0,0.834281
0.0,0.4148438
0.0,0.15055063
0.0,0.42861608
0.0,0.10297612
0.0,0.41006613
0.0,0.63855004
0.0,0.07450741
0.0,0.05457196
0.0,0.47551244
1.0,0.81990445
0.0,0.24208242
0.0,0.2623745
0.0,0.2409911
0.0,0.79617214
1.0,0.97007656
0.0,0.8683988
1.0,0.89626914
0.0,0.7757507
1.0,0.6959103
0.0,0.6482251
1.0,0.91277087
0.0,0.22980969
0.0,0.07178031
0.0,0.13126807
0.0,0.03762974
0.0,0.9542742
0.0,0.6306998
1.0,0.48163986
1.0,0.13357508
1.0,0.52601653
1.0,0.65997106
1.0,0.7772075
1.0,0.058937427
1.0,0.3683455
1.0,0.12457773
0.0,0.100074805
0.0,0.54296345
0.0,0.16447102
0.0,0.06986022
0.0,0.31977993
0.0,0.8079087
0.0,0.5143721
0.0,0.69527835
0.0,0.111521214
0.0,0.7278988
0.0,0.2066623
0.0,0.08875745
0.0,0.20616119
1.0,0.9214839
0.0,0.73915
0.0,0.9153806
0.0,0.075436175
0.0,0.42126155
0.0,0.19363062
0.0,0.25584397
0.0,0.51257247
1.0,0.8355029
1.0,0.73606896
0.0,0.15990925
0.0,0.2489599
1.0,0.9860577
0.0,0.2527144
1.0,0.70151603
0.0,0.92414016
0.0,0.37138832
1.0,0.1333577
1.0,0.9238667
1.0,0.24082929
1.0,0.851115
0.0,0.14985181
0.0,0.046033062
0.0,0.39442992
0.0,0.13567533
0.0,0.15645906
1.0,0.39296132
0.0,0.5597959
0.0,0.36122927
0.0,0.7457018
1.0,0.7472716
1.0,0.88795054
0.0,0.19621018
0.0,0.88892263
0.0,0.7548755
0.0,0.67901754
0.0,0.6129535
0.0,0.18836266
0.0,0.49517855
0.0,0.24386759
1.0,0.21174794
0.0,0.635415
1.0,0.55465573
0.0,0.14154053
0.0,0.67329675
1.0,0.50371367
1.0,0.93265337
0.0,0.7868606
1.0,0.035999965
0.0,0.6871447
1.0,0.3864744
0.0,0.7800892
0.0,0.950097
1.0,0.9678146
0.0,0.8289651
0.0,0.21027508
0.0,0.17519668
0.0,0.29940102
0.0,0.1329406
0.0,0.062371504
0.0,0.16225342
1.0,0.25972924
1.0,0.6902109
1.0,0.35590568
0.0,0.09409247
0.0,0.93720603
0.0,0.45595187
0.0,0.41391972
0.0,0.42283753
1.0,0.6753273
0.0,0.42424583
0.0,0.29444453
0.0,0.78317046
0.0,0.23360398
0.0,0.8278037
0.0,0.86330837
0.0,0.96754867
0.0,0.77904165
0.0,0.88465905
1.0,0.9754073
1.0,0.74520165
1.0,0.91448134
1.0,0.96592396
0.0,0.06329194
0.0,0.6962774
0.0,0.22263941
1.0,0.9143787
0.0,0.7755354
0.0,0.2441454
1.0,0.8998113
1.0,0.86886287
0.0,0.8838374
0.0,0.5380839
0.0,0.28613248
1.0,0.97059256
0.0,0.2335966
0.0,0.07015825
0.0,0.32244927
0.0,0.394288
1.0,0.8938735
1.0,0.8769433
1.0,0.50798416
1.0,0.6420855
1.0,0.7130866
1.0,0.79019284
1.0,0.64776134
1.0,0.07020065
1.0,0.1822811
1.0,0.39912176
0.0,0.63165045
0.0,0.33841974
0.0,0.7102165
1.0,0.65787417
1.0,0.93806535
1.0,0.98012984
0.0,0.56154615
0.0,0.3349546
0.0,0.10577323
1.0,0.9414713
0.0,0.6474689
0.0,0.96673757
0.0,0.6924681
1.0,0.66420215
0.0,0.06408029
0.0,0.14731473
0.0,0.45883718
0.0,0.32300532
1.0,0.6940755
0.0,0.14549203
0.0,0.10275212
0.0,0.2505075
0.0,0.09713588
1.0,0.08485802
1.0,0.04810154
0.0,0.1400199
0.0,0.15910183
1.0,0.09086823
1.0,0.26906985
1.0,0.3317469
1.0,0.47777075
1.0,0.74626666
1.0,0.883785
1.0,0.8474609
1.0,0.9288358
0.0,0.19910751
0.0,0.14220138
0.0,0.9405405
0.0,0.22552213
0.0,0.35778287
1.0,0.91245615
0.0,0.8425385
0.0,0.8861849
1.0,0.13512132
1.0,0.96625715
0.0,0.0686285
1.0,0.8930152
0.0,0.733931
0.0,0.33610758
0.0,0.7973981
0.0,0.19830248
1.0,0.7114742
0.0,0.61943865
1.0,0.745599
1.0,0.9135768
1.0,0.9487171
0.0,0.2311289
0.0,0.5619964
0.0,0.10039815
0.0,0.09621863
0.0,0.15517151
0.0,0.41304523
0.0,0.3792434
0.0,0.16603342
0.0,0.20419504
1.0,0.9380467
0.0,0.3269925
0.0,0.75199145
0.0,0.70467424
0.0,0.113114126
0.0,0.10269523
1.0,0.9267164
0.0,0.4867139
1.0,0.5977024
1.0,0.76056594
0.0,0.36859396
0.0,0.23060547
0.0,0.19113901
0.0,0.08571621
0.0,0.2712966
0.0,0.2852497
1.0,0.86416316
0.0,0.060202233
0.0,0.430395
0.0,0.55426306
0.0,0.4716031
0.0,0.41088587
1.0,0.3368017
1.0,0.23181748
0.0,0.27225807
0.0,0.09610182
1.0,0.88245744
1.0,0.9394493
1.0,0.7590661
0.0,0.87595457
1.0,0.90333253
0.0,0.08213842
0.0,0.13112038
0.0,0.16216679
0.0,0.36060762
0.0,0.3760267
0.0,0.12811579
1.0,0.4253995
0.0,0.21525231
0.0,0.74919623
1.0,0.93416214
0.0,0.76503605
1.0,0.7989934
0.0,0.8478535
1.0,0.0833993
1.0,0.1860756
1.0,0.6054433
1.0,0.24386333
0.0,0.67327034
0.0,0.7896256
1.0,0.9347413
0.0,0.08565483
0.0,0.10858322
0.0,0.31576657
0.0,0.7982787
1.0,0.31743103
0.0,0.35085484
1.0,0.3998163
1.0,0.24526682
1.0,0.9864847
0.0,0.87819767
1.0,0.8440479
0.0,0.30696395
0.0,0.69703436
0.0,0.7275777
0.0,0.53883505
0.0,0.81962454
1.0,0.76992077
0.0,0.052739635
0.0,0.53488433
0.0,0.9585253
0.0,0.60851634
0.0,0.043889478
0.0,0.16712534
1.0,0.57118666
0.0,0.15541889
0.0,0.7536309
1.0,0.30666736
0.0,0.657227
1.0,0.46427217
1.0,0.90903956
1.0,0.91665083
0.0,0.4009943
0.0,0.33821976
0.0,0.6735542
0.0,0.1192538
1.0,0.8942384
0.0,0.8012961
1.0,0.66317034
1.0,0.8823991
1.0,0.97685367
0.0,0.98534274
0.0,0.33745146
0.0,0.13664098
1.0,0.88275474
0.0,0.3265233
1.0,0.9158037
0.0,0.6174211
0.0,0.5695392
0.0,0.056606434
0.0,0.18826541
0.0,0.118263714
0.0,0.05795101
0.0,0.2534285
1.0,0.9127783
0.0,0.3891744
1.0,0.45406094
0.0,0.93434983
0.0,0.44142652
0.0,0.030838562
1.0,0.9714282
0.0,0.56944805
0.0,0.35139543
1.0,0.8854553
0.0,0.14300583
0.0,0.43980682
0.0,0.1491758
0.0,0.20283641
1.0,0.40844002
1.0,0.9107335
0.0,0.9356631
0.0,0.63519424
1.0,0.7313745
0.0,0.0237041
1.0,0.94683576
0.0,0.17055565
0.0,0.9126161
0.0,0.3003482
0.0,0.09615767
0.0,0.13253152
0.0,0.7546991
0.0,0.48484993
1.0,0.628052
0.0,0.0729136
0.0,0.088025264
0.0,0.6036649
0.0,0.5562501
0.0,0.5807812
0.0,0.07269599
0.0,0.07805499
0.0,0.12503506
0.0,0.13048688
0.0,0.8769692
0.0,0.55644953
0.0,0.11276185
0.0,0.12266919
0.0,0.6227705
1.0,0.0427783
0.0,0.30315992
0.0,0.17310366
0.0,0.68527114
0.0,0.68878883
0.0,0.27090803
0.0,0.36916322
0.0,0.063813545
0.0,0.21714585
0.0,0.4689176
0.0,0.81539154
0.0,0.9656164
0.0,0.1984909
0.0,0.25053763
0.0,0.071726315
0.0,0.099044904
0.0,0.7152209
0.0,0.0972907
0.0,0.36904556
0.0,0.7331938
0.0,0.8847872
0.0,0.053726263
0.0,0.7281775
0.0,0.11858322
0.0,0.3423348
0.0,0.94430566
1.0,0.8135955
1.0,0.97794014
1.0,0.93963116
1.0,0.16294834
0.0,0.23729457
0.0,0.15092991
0.0,0.21223934
1.0,0.20936452
0.0,0.6265034
0.0,0.39456707
1.0,0.8578856
0.0,0.15344682
1.0,0.9817654
1.0,0.8792629
0.0,0.0735937
1.0,0.60503376
0.0,0.5189274
0.0,0.9555926
1.0,0.8617476
0.0,0.8791729
0.0,0.6496331
1.0,0.8201594
0.0,0.21627086
1.0,0.9544459
0.0,0.3200577
1.0,0.9042982
0.0,0.9148024
0.0,0.40924168
1.0,0.94698757
0.0,0.097599454
1.0,0.97342366
1.0,0.60797393
1.0,0.78753644
1.0,0.6792629
0.0,0.41665083
1.0,0.3048973
0.0,0.096914925
0.0,0.5826771
0.0,0.17634414
0.0,0.12589179
0.0,0.61809707
0.0,0.51430523
0.0,0.17014357
0.0,0.03907154
1.0,0.92080754
0.0,0.05910159
0.0,0.11504785
0.0,0.2510705
0.0,0.16897587
0.0,0.5499858
0.0,0.24876274
0.0,0.070624046
0.0,0.16299176
0.0,0.97602195
0.0,0.45998698
0.0,0.2617019
0.0,0.2605978
0.0,0.83018184
0.0,0.89783126
1.0,0.25913885
0.0,0.88765436
0.0,0.28748146
0.0,0.9365641
0.0,0.9449495
0.0,0.49590957
1.0,0.72502995
0.0,0.92581
0.0,0.10707695
0.0,0.4035761
0.0,0.3864541
1.0,0.9959204
1.0,0.7609728
0.0,0.2403833
1.0,0.9159425
1.0,0.303797
0.0,0.6197444
0.0,0.68219954
0.0,0.3026343
0.0,0.37420866
0.0,0.43168533
0.0,0.26218334
0.0,0.91511863
0.0,0.6829403
0.0,0.44985354
0.0,0.20655027
0.0,0.17237611
0.0,0.94325787
0.0,0.20265707
0.0,0.06873723
1.0,0.892479
1.0,0.93205523
0.0,0.07496882
0.0,0.22116202
0.0,0.3037476
0.0,0.91615814
0.0,0.10525894
0.0,0.89424497
0.0,0.59202754
0.0,0.4709338
1.0,0.28801602
0.0,0.6913521
0.0,0.31333295
0.0,0.8484005
0.0,0.27136594
0.0,0.22853501
0.0,0.24914925
0.0,0.29073566
0.0,0.8212367
0.0,0.64592165
0.0,0.35383958
0.0,0.31598145
0.0,0.27432123
1.0,0.5052871
0.0,0.2953928
0.0,0.15214646
0.0,0.398909
0.0,0.35293546
1.0,0.76741683
0.0,0.33817407
1.0,0.62818736
0.0,0.9223383
0.0,0.28639746
0.0,0.24279454
1.0,0.9720029
1.0,0.59258944
1.0,0.1113838
0.0,0.5419226
1.0,0.97592545
0.0,0.28273973
0.0,0.91170496
1.0,0.5301673
1.0,0.11637126
1.0,0.8101899
0.0,0.30312705
0.0,0.45870942
1.0,0.95252156
0.0,0.1731107
0.0,0.07753092
0.0,0.37315676
0.0,0.35375977
0.0,0.1939891
1.0,0.89013004
0.0,0.8050011
1.0,0.6908073
1.0,0.5280866
0.0,0.06837585
0.0,0.20206006
1.0,0.5359243
0.0,0.22019108
0.0,0.14904411
0.0,0.07941683
0.0,0.926275
0.0,0.64504546
1.0,0.89385504
0.0,0.24495505
0.0,0.4277382
0.0,0.1640689
0.0,0.8091148
0.0,0.68169826
1.0,0.936966
0.0,0.040514745
0.0,0.8928099
1.0,0.911423
1.0,0.65812
0.0,0.07581317
0.0,0.12451396
0.0,0.76181954
0.0,0.46944812
1.0,0.967308
0.0,0.823603
0.0,0.2483552
1.0,0.6043531
0.0,0.66485304
0.0,0.16341598
0.0,0.09960067
0.0,0.06965812
1.0,0.8958794
0.0,0.64097744
0.0,0.08117766
0.0,0.10211581
1.0,0.93716115
1.0,0.79420483
0.0,0.16858318
1.0,0.38964975
0.0,0.28589654
0.0,0.24631055
0.0,0.5104288
0.0,0.6956321
0.0,0.8316513
1.0,0.71277636
0.0,0.17874
1.0,0.52970064
0.0,0.78711927
0.0,0.40972248
0.0,0.36250997
1.0,0.86402214
1.0,0.5640729
0.0,0.73414177
0.0,0.8918616
0.0,0.61954385
0.0,0.034908947
1.0,0.96654385
0.0,0.18349959
0.0,0.24479324
1.0,0.23320203
0.0,0.30374128
0.0,0.07238535
1.0,0.8671425
1.0,0.89536
1.0,0.8509945
0.0,0.88224083
0.0,0.4222132
0.0,0.56795025
0.0,0.59450746
1.0,0.90029246
1.0,0.54927933
0.0,0.9184939
0.0,0.09041176
0.0,0.0669765
0.0,0.3543671
0.0,0.20893005
0.0,0.37532076
1.0,0.9458301
1.0,0.88304204
0.0,0.7553637
0.0,0.9003233
0.0,0.91609776
0.0,0.039145056
0.0,0.1399672
0.0,0.23625037
0.0,0.68580985
0.0,0.7559563
1.0,0.8518028
0.0,0.44995266
0.0,0.04876838
1.0,0.9107805
0.0,0.8215571
0.0,0.7951574
0.0,0.65166265
1.0,0.70636445
0.0,0.32094353
0.0,0.11264208
1.0,0.9607677
1.0,0.404665
0.0,0.09798254
1.0,0.3797438
0.0,0.11243899
1.0,0.18951301
0.0,0.35760775
0.0,0.54463
0.0,0.066168405
0.0,0.7750358
0.0,0.1886905
0.0,0.87722766
1.0,0.60880035
0.0,0.7964518
1.0,0.7443366
1.0,0.88192743
1.0,0.9143538
0.0,0.69466674
1.0,0.94409555
0.0,0.045087744
0.0,0.23405589
0.0,0.8161647
0.0,0.92468774
0.0,0.40886337
0.0,0.90086955
1.0,0.19540924
0.0,0.2013989
0.0,0.07495409
0.0,0.08438651
1.0,0.86495656
0.0,0.1468862
0.0,0.05422961
0.0,0.320139
0.0,0.6292323
1.0,0.9037656
1.0,0.94795316
1.0,0.9188182
0.0,0.80380356
0.0,0.8496407
0.0,0.21405947
1.0,0.46225718
0.0,0.08433688
0.0,0.036723312
1.0,0.13462202
0.0,0.054480072
1.0,0.52420735
1.0,0.8023888
1.0,0.9703176
0.0,0.6925064
0.0,0.12318638
0.0,0.9403351
0.0,0.9244955
1.0,0.8210564
1.0,0.16602243
1.0,0.09177987
1.0,0.85320586
1.0,0.922973
0.0,0.30756536
0.0,0.06779903
0.0,0.12210404
0.0,0.13154301
0.0,0.9012013
0.0,0.77340704
0.0,0.13152283
0.0,0.42206365
1.0,0.56858426
0.0,0.5542656
1.0,0.81069195
0.0,0.8081042
0.0,0.3629471
0.0,0.014955331
0.0,0.099057175
0.0,0.5639395
0.0,0.87041384
0.0,0.33298007
0.0,0.49787086
1.0,0.8887515
0.0,0.7989824
0.0,0.5533109
0.0,0.22205473
0.0,0.8731974
0.0,0.42488962
0.0,0.85063297
0.0,0.83682173
0.0,0.21673109
0.0,0.32476333
1.0,0.31559315
1.0,0.9185398
0.0,0.7036004
1.0,0.93420845
0.0,0.49422094
0.0,0.4546339
0.0,0.20455393
0.0,0.40387064
1.0,0.85670006
0.0,0.078952335
0.0,0.8317385
0.0,0.078854695
0.0,0.72973096
1.0,0.26947582
1.0,0.32522008
0.0,0.094726294
1.0,0.9499236
1.0,0.10131335
0.0,0.17958476
0.0,0.21617326
0.0,0.9712742
1.0,0.7059208
1.0,0.5916098
0.0,0.34911472
0.0,0.64241993
1.0,0.43218455
0.0,0.8254078
1.0,0.43612853
0.0,0.11836459
0.0,0.12291862
0.0,0.39558536
1.0,0.45389992
1.0,0.9609758
1.0,0.8240495
0.0,0.26694795
0.0,0.58612764
0.0,0.17963637
0.0,0.22841677
1.0,0.08724989
0.0,0.27391127
0.0,0.28643814
0.0,0.10785074
0.0,0.136854
0.0,0.6257494
0.0,0.2810881
1.0,0.92382944
0.0,0.17848423
0.0,0.16331784
1.0,0.9231214
0.0,0.16739535
1.0,0.5721398
0.0,0.082874484
0.0,0.8623642
1.0,0.9764128
1.0,0.75626945
0.0,0.19913189
0.0,0.7223572
0.0,0.71226823
0.0,0.12682682
0.0,0.4934873
0.0,0.9442279
0.0,0.39129314
0.0,0.34954387
0.0,0.19321078
0.0,0.110561475
1.0,0.69162256
0.0,0.27336046
0.0,0.21667452
0.0,0.05357673
0.0,0.85145646
0.0,0.19243099
0.0,0.9460056
1.0,0.58867806
0.0,0.12350221
0.0,0.5525135
1.0,0.81618
0.0,0.08728709
0.0,0.2725434
0.0,0.06782533
1.0,0.7260076
1.0,0.44318128
0.0,0.75035805
0.0,0.27245742
0.0,0.42918658
1.0,0.8581238
1.0,0.9446816
0.0,0.7445238
0.0,0.12800375
0.0,0.29903698
0.0,0.7248746
0.0,0.45178366
0.0,0.40325937
0.0,0.05738292
0.0,0.056219302
0.0,0.13382396
0.0,0.673282
0.0,0.43280897
0.0,0.6645396
0.0,0.29971287
1.0,0.14350367
1.0,0.15539816
0.0,0.8563196
0.0,0.084221564
0.0,0.9201196
1.0,0.06511145
0.0,0.26224673
1.0,0.8182413
1.0,0.89257866
1.0,0.5976416
1.0,0.80090755
1.0,0.81117845
1.0,0.4875533
0.0,0.089728564
0.0,0.099315375
0.0,0.24017166
1.0,0.43573228
0.0,0.24708632
1.0,0.37602034
1.0,0.41558945
1.0,0.7995887
1.0,0.15821454
1.0,0.8318988
1.0,0.6605471
1.0,0.021956235
1.0,0.3194855
0.0,0.3546888
0.0,0.47088262
0.0,0.17332995
0.0,0.58975345
0.0,0.31620038
1.0,0.8459392
0.0,0.84859484
1.0,0.52258396
0.0,0.12073978
0.0,0.025486369
0.0,0.59664553
0.0,0.68856597
0.0,0.25568274
0.0,0.8128255
0.0,0.05336062
1.0,0.5357002
0.0,0.17990331
0.0,0.17378123
1.0,0.8402348
0.0,0.83659095
0.0,0.10643223
0.0,0.36657906
1.0,0.75094765
1.0,0.7457274
1.0,0.91412383
1.0,0.84079516
1.0,0.08158438
0.0,0.21896523
1.0,0.9359858
0.0,0.4156612
0.0,0.12784277
1.0,0.5361796
0.0,0.2156185
0.0,0.90009403
0.0,0.76075166
0.0,0.8530932
1.0,0.70301336
1.0,0.31016588
0.0,0.06081694
0.0,0.85651773
1.0,0.27042
0.0,0.10909612
0.0,0.62104845
1.0,0.6428341
0.0,0.20950988
0.0,0.9802303
0.0,0.10519733
1.0,0.32682627
0.0,0.12195838
0.0,0.79822433
0.0,0.6376878
0.0,0.07935379
0.0,0.14237112
0.0,0.071959384
0.0,0.9761203
0.0,0.7707485
0.0,0.83527446
0.0,0.21383762
1.0,0.8369272
0.0,0.19383132
1.0,0.5738357
0.0,0.81548333
0.0,0.42917526
1.0,0.5551971
0.0,0.6108259
0.0,0.10238386
0.0,0.8767168
0.0,0.1455753
1.0,0.9076895
1.0,0.8503436
0.0,0.15555082
0.0,0.30069783
0.0,0.8857283
0.0,0.070184216
0.0,0.8417534
0.0,0.109822914
1.0,0.9039487
0.0,0.8977419
0.0,0.22538622
0.0,0.043614827
1.0,0.95457613
0.0,0.3312847
0.0,0.14357051
0.0,0.23512971
0.0,0.10844313
0.0,0.8348908
1.0,0.91796315
0.0,0.20018262
0.0,0.23947155
0.0,0.5747138
1.0,0.6648462
1.0,0.9890854
0.0,0.5219934
0.0,0.7666021
1.0,0.74477243
0.0,0.6900135
0.0,0.094902135
0.0,0.7278612
0.0,0.050766703
0.0,0.23653927
0.0,0.79268074
1.0,0.90777963
0.0,0.0724793
0.0,0.9230239
0.0,0.43277305
0.0,0.7308404
0.0,0.24835613
0.0,0.2803837
0.0,0.2358816
0.0,0.59813356
0.0,0.8106673
1.0,0.32998875
1.0,0.8884758
0.0,0.103586726
0.0,0.91195303
1.0,0.8832498
0.0,0.094086744
0.0,0.17293197
0.0,0.9121298
0.0,0.95096546
0.0,0.88581145
0.0,0.93826175
1.0,0.9486435
1.0,0.63455003
0.0,0.40416902
0.0,0.6864178
0.0,0.38635942
0.0,0.8037451
0.0,0.10139119
0.0,0.66325784
0.0,0.29730392
0.0,0.084307276
0.0,0.4598581
0.0,0.054275237
1.0,0.97086066
1.0,0.8858775
0.0,0.8187177
0.0,0.21486755
0.0,0.07476706
0.0,0.6646553
0.0,0.06649339
0.0,0.2940016
0.0,0.1813832
0.0,0.067999646
1.0,0.6182381
0.0,0.71408916
1.0,0.9483057
0.0,0.9517802
0.0,0.5398142
0.0,0.7199927
1.0,0.4810563
0.0,0.07979402
0.0,0.33305955
0.0,0.084690616
1.0,0.75382036
0.0,0.12718968
0.0,0.0697755
0.0,0.88707584
0.0,0.28787762
0.0,0.36623606
1.0,0.9330472
0.0,0.036270067
1.0,0.17884092
0.0,0.42102402
0.0,0.19656245
0.0,0.08540628
0.0,0.091228776
0.0,0.41146705
0.0,0.2738145
1.0,0.94654435
0.0,0.81959355
0.0,0.3554284
1.0,0.9138441
0.0,0.089299925
0.0,0.17534736
0.0,0.28569022
0.0,0.6262209
0.0,0.02524669
0.0,0.017401744
1.0,0.399263
0.0,0.026367005
0.0,0.039619792
0.0,0.21686278
0.0,0.5364821
0.0,0.63357294
1.0,0.8936271
0.0,0.6163525
0.0,0.28429842
0.0,0.25239998
0.0,0.12013024
0.0,0.54975885
0.0,0.8315443
0.0,0.211176
0.0,0.1056456
0.0,0.15230483
1.0,0.8598606
0.0,0.77986395
0.0,0.7855325
0.0,0.69177985
0.0,0.32719284
0.0,0.8907016
0.0,0.29302466
0.0,0.27987447
0.0,0.3263116
0.0,0.21356443
0.0,0.940358
1.0,0.928755
0.0,0.77688026
1.0,0.40861773
1.0,0.49911904
0.0,0.8400074
0.0,0.93006676
0.0,0.8650766
0.0,0.2244053
0.0,0.5231938
1.0,0.892089
1.0,0.7786735
0.0,0.69807905
0.0,0.42106277
1.0,0.7632651
0.0,0.41418505
1.0,0.91772735
0.0,0.42496988
0.0,0.97984904
0.0,0.22408275
0.0,0.3905575
1.0,0.949396
0.0,0.33244878
0.0,0.1296105
0.0,0.26275626
0.0,0.79690564
0.0,0.94365627
0.0,0.06439264
0.0,0.5227244
0.0,0.76358545
0.0,0.05279195
1.0,0.9343822
1.0,0.9423328
0.0,0.096387655
0.0,0.29186854
0.0,0.43815917
0.0,0.9483722
0.0,0.29099646
0.0,0.15834108
1.0,0.8660791
1.0,0.81214416
0.0,0.52846867
0.0,0.028968466
0.0,0.028812207
0.0,0.96070546
0.0,0.31955224
0.0,0.3923421
0.0,0.8836273
0.0,0.19888414
0.0,0.71216583
0.0,0.049499925
1.0,0.57668376
0.0,0.9281184
0.0,0.8232166
0.0,0.88841254
0.0,0.07519719
0.0,0.48336253
1.0,0.7891774
0.0,0.30214682
0.0,0.4474879
0.0,0.8694723
0.0,0.099579595
0.0,0.9188861
0.0,0.16202529
0.0,0.13178791
0.0,0.23176241
0.0,0.10265428
0.0,0.5333309
0.0,0.88961995
0.0,0.76529235
0.0,0.17968486
0.0,0.10977959
0.0,0.91002375
0.0,0.8847951
1.0,0.41565278
1.0,0.06665457
0.0,0.10188186
0.0,0.8968702
0.0,0.5910002
0.0,0.44914618
0.0,0.743949
0.0,0.6071541
0.0,0.3681587
1.0,0.9707257
1.0,0.9630758
0.0,0.68711543
0.0,0.65493006
1.0,0.5831595
0.0,0.18349075
0.0,0.6557682
0.0,0.11778219
1.0,0.694407
0.0,0.11683583
0.0,0.6458503
0.0,0.863723
0.0,0.23189513
0.0,0.666892
0.0,0.8730414
1.0,0.9140786
1.0,0.82436305
1.0,0.8986677
0.0,0.5756457
0.0,0.1997429
0.0,0.30239588
0.0,0.34686345
0.0,0.61021125
0.0,0.16543147
0.0,0.13568012
0.0,0.37203005
0.0,0.46264592
0.0,0.9450266
0.0,0.2876286
0.0,0.42937297
0.0,0.08807809
0.0,0.40053174
0.0,0.3974582
0.0,0.793431
0.0,0.10560285
1.0,0.75887275
1.0,0.889345
0.0,0.16373669
0.0,0.348181
0.0,0.120352104
0.0,0.85644776
0.0,0.41600245
1.0,0.9106477
1.0,0.19251691
0.0,0.5865219
0.0,0.5122266
0.0,0.87162834
0.0,0.44798985
1.0,0.9088539
1.0,0.73394126
0.0,0.12045618
0.0,0.55156404
0.0,0.66552794
0.0,0.11095592
0.0,0.39948457
1.0,0.7494773
0.0,0.9679249
0.0,0.86587775
1.0,0.8603979
0.0,0.6904589
1.0,0.8550762
0.0,0.3541403
0.0,0.9527217
0.0,0.19251733
0.0,0.076982774
0.0,0.8828818
0.0,0.87084365
0.0,0.35906693
0.0,0.94083184
0.0,0.06499862
0.0,0.20046261
0.0,0.5031276
0.0,0.17860235
1.0,0.83971757
0.0,0.12782499
0.0,0.2679837
0.0,0.9672797
0.0,0.833929
1.0,0.92996895
1.0,0.9469138
1.0,0.92752206
1.0,0.5671237
0.0,0.41842836
0.0,0.14466608
0.0,0.304385
0.0,0.8474588
0.0,0.1811213
1.0,0.9426966
0.0,0.1826161
0.0,0.6276612
0.0,0.5563613
0.0,0.17492813
0.0,0.44920728
0.0,0.13716435
1.0,0.9638475
1.0,0.8952076
1.0,0.081991985
0.0,0.27038527
0.0,0.14607868
1.0,0.16831043
0.0,0.070372134
0.0,0.30003682
1.0,0.95800066
0.0,0.8270502
0.0,0.6373338
0.0,0.1834904
0.0,0.14240596
0.0,0.19937187
0.0,0.28987312
1.0,0.7610861
1.0,0.8456954
0.0,0.18690868
0.0,0.38606077
1.0,0.93469894
0.0,0.060776968
1.0,0.9667419
1.0,0.3747832
0.0,0.8873769
1.0,0.6213444
1.0,0.39169693
0.0,0.16348656
0.0,0.9094906
0.0,0.33132064
0.0,0.3951449
0.0,0.1355545
0.0,0.73073894
1.0,0.86285776
0.0,0.07196416
0.0,0.23997656
0.0,0.1477495
0.0,0.19134009
0.0,0.1508109
1.0,0.16025098
1.0,0.8881741
0.0,0.79128915
1.0,0.974801
1.0,0.9157438
1.0,0.7435046
0.0,0.69608223
0.0,0.13930826
0.0,0.63638055
0.0,0.16301134
0.0,0.41982743
0.0,0.10010263
0.0,0.713858
0.0,0.131323
0.0,0.05428677
0.0,0.04690233
0.0,0.28691182
0.0,0.08953145
0.0,0.7410859
0.0,0.09377937
0.0,0.06804198
0.0,0.4912709
0.0,0.9443856
0.0,0.5761203
0.0,0.29463542
1.0,0.8922933
0.0,0.92047065
0.0,0.42368
0.0,0.91947746
1.0,0.8508227
0.0,0.1756839
0.0,0.27187708
0.0,0.54266995
0.0,0.76719874
0.0,0.9011568
0.0,0.2502601
1.0,0.8072609
0.0,0.12585269
0.0,0.4610481
1.0,0.647783
1.0,0.83553684
0.0,0.7321555
0.0,0.19193855
0.0,0.72304326
0.0,0.86606413
0.0,0.46641114
1.0,0.9736041
0.0,0.5752211
0.0,0.3099523
0.0,0.298819
0.0,0.28472295
0.0,0.3858783
1.0,0.8662064
1.0,0.9520134
0.0,0.7538483
1.0,0.58081657
0.0,0.20264347
1.0,0.76158214
0.0,0.89238924
0.0,0.6719634
0.0,0.5440224
1.0,0.24570435
0.0,0.08971799
1.0,0.6291399
0.0,0.4634516
0.0,0.37442395
1.0,0.4274864
0.0,0.74510276
0.0,0.3457556
1.0,0.9769613
0.0,0.61254066
0.0,0.94629735
0.0,0.15571395
0.0,0.6146608
1.0,0.9448219
0.0,0.23914877
0.0,0.75211245
0.0,0.24235177
0.0,0.10759966
1.0,0.9838456
1.0,0.3221514
1.0,0.9639091
0.0,0.2238996
1.0,0.685355
0.0,0.2502027
1.0,0.07358634
0.0,0.24044476
1.0,0.5468077
1.0,0.45222914
1.0,0.8106027
1.0,0.50927925
0.0,0.4313925
0.0,0.5136253
0.0,0.16888998
0.0,0.16730621
0.0,0.7238069
0.0,0.25322327
0.0,0.39454412
0.0,0.06708496
0.0,0.14582582
0.0,0.21239036
0.0,0.4305494
0.0,0.058844153
0.0,0.7596704
1.0,0.9024714
1.0,0.6817652
1.0,0.89945567
1.0,0.9654488
1.0,0.9014226
0.0,0.11592408
0.0,0.24498534
1.0,0.36000037
1.0,0.85287976
1.0,0.7169383
0.0,0.8936222
0.0,0.7487964
0.0,0.3644735
1.0,0.98126274
1.0,0.776298
1.0,0.8478042
1.0,0.8766285
1.0,0.89417005
0.0,0.4399686
1.0,0.17024216
0.0,0.031855386
0.0,0.59176004
0.0,0.28941265
0.0,0.31069374
0.0,0.21945915
0.0,0.43562603
0.0,0.95401865
0.0,0.7753905
0.0,0.21985799
0.0,0.28283307
1.0,0.24857524
0.0,0.22517417
0.0,0.41463244
0.0,0.67944306
0.0,0.35594058
0.0,0.93317723
0.0,0.23880945
0.0,0.9738607
0.0,0.2753262
1.0,0.07167453
1.0,0.774024
0.0,0.074068196
0.0,0.18643394
1.0,0.6515704
1.0,0.20647171
0.0,0.5488133
0.0,0.046150785
0.0,0.10566655
0.0,0.066632755
0.0,0.05805399
1.0,0.28380772
0.0,0.4817473
0.0,0.35074058
0.0,0.25919098
1.0,0.95481205
0.0,0.6368858
1.0,0.9734292
1.0,0.90544915
0.0,0.4298517
1.0,0.74131495
1.0,0.74644023
0.0,0.2176338
0.0,0.16436478
0.0,0.8952479
0.0,0.32049718
0.0,0.2636354
0.0,0.8638969
0.0,0.31066972
0.0,0.23426002
0.0,0.81804365
0.0,0.08900057
0.0,0.15130135
0.0,0.8130708
0.0,0.59680724
0.0,0.08582906
0.0,0.2779238
0.0,0.2753644
0.0,0.23877074
0.0,0.7795282
0.0,0.14535601
0.0,0.3514252
0.0,0.14036873
1.0,0.7515962
1.0,0.8106472
0.0,0.47763368
1.0,0.83958673
1.0,0.9390124
0.0,0.93488395
0.0,0.61891353
0.0,0.25312603
0.0,0.17581187
1.0,0.9292616
0.0,0.6966181
1.0,0.8751954
0.0,0.28999314
0.0,0.4192032
0.0,0.6869817
0.0,0.2430058
0.0,0.90907717
1.0,0.8599601
1.0,0.489627
0.0,0.2873798
0.0,0.06959414
0.0,0.16946815
1.0,0.9547721
0.0,0.62020266
1.0,0.5929956
0.0,0.13663071
0.0,0.42081463
0.0,0.12822708
1.0,0.9170795
0.0,0.8066287
0.0,0.89804405
0.0,0.10916859
0.0,0.9514202
0.0,0.2104405
1.0,0.96154255
0.0,0.16708289
0.0,0.49644524
0.0,0.08879729
0.0,0.6395382
0.0,0.6878839
1.0,0.3565524
0.0,0.9440045
0.0,0.14954434
0.0,0.23977105
0.0,0.72734857
0.0,0.13973197
0.0,0.3448543
1.0,0.5320582
0.0,0.47034433
0.0,0.24821137
0.0,0.73570865
0.0,0.894159
0.0,0.87878394
0.0,0.6636011
0.0,0.14851664
1.0,0.7031187
0.0,0.19983363
0.0,0.20244186
0.0,0.68905514
0.0,0.08997704
1.0,0.14413236
0.0,0.31607988
0.0,0.38645482
1.0,0.93916965
0.0,0.82654274
0.0,0.2762606
0.0,0.2881108
0.0,0.8062827
0.0,0.1695311
0.0,0.3800779
0.0,0.8575481
0.0,0.28427508
1.0,0.7255136
0.0,0.4581887
0.0,0.1888203
0.0,0.084049
1.0,0.79902947
0.0,0.09515737
0.0,0.24962743
0.0,0.6234557
0.0,0.078755766
0.0,0.9307005
0.0,0.76513135
0.0,0.1021027
0.0,0.21642402
0.0,0.904287
0.0,0.08799038
0.0,0.61079407
0.0,0.15235023
1.0,0.24115269
0.0,0.019431928
1.0,0.18678662
0.0,0.20477483
0.0,0.058315117
1.0,0.95571244
0.0,0.5748658
0.0,0.45105475
0.0,0.10768174
1.0,0.9034002
1.0,0.88726354
0.0,0.2321597
1.0,0.30863506
1.0,0.90737563
1.0,0.83484775
0.0,0.10142249
0.0,0.85520506
0.0,0.95945024
0.0,0.19735938
0.0,0.4130518
0.0,0.2201724
0.0,0.09439457
0.0,0.6678836
0.0,0.56127006
0.0,0.06662468
0.0,0.7109657
0.0,0.5199997
1.0,0.8859786
0.0,0.49782506
0.0,0.355592
0.0,0.024739187
0.0,0.3919609
0.0,0.66383415
0.0,0.3851344
0.0,0.062459227
0.0,0.13440228
0.0,0.13567373
0.0,0.43082365
1.0,0.6013942
0.0,0.2287201
1.0,0.29000446
1.0,0.15157983
1.0,0.2866941
1.0,0.7624978
1.0,0.5348292
1.0,0.9386638
1.0,0.28581017
0.0,0.794641
0.0,0.3093239
0.0,0.70732003
0.0,0.3998834
0.0,0.3485772
0.0,0.8102197
0.0,0.9613318
1.0,0.9150261
0.0,0.96349883
0.0,0.52592325
0.0,0.08527987
0.0,0.79054534
0.0,0.27730346
0.0,0.13553582
0.0,0.08492233
0.0,0.10101256
0.0,0.055451505
0.0,0.3404829
1.0,0.8207651
0.0,0.9343146
0.0,0.88232213
1.0,0.9556673
0.0,0.6929181
0.0,0.73839504
0.0,0.057809845
1.0,0.9718502
0.0,0.07472338
0.0,0.61078364
1.0,0.348232
0.0,0.34051412
0.0,0.35401657
0.0,0.10428658
0.0,0.41551986
1.0,0.94879794
0.0,0.26761353
0.0,0.34377834
1.0,0.98087883
0.0,0.20327924
1.0,0.1636343
1.0,0.42862543
1.0,0.5603864
1.0,0.100151844
0.0,0.39593634
1.0,0.5652114
0.0,0.060205564
0.0,0.0816118
1.0,0.55045384
0.0,0.46987233
1.0,0.86994374
0.0,0.3136262
1.0,0.23785429
0.0,0.08859789
0.0,0.07372923
0.0,0.6294519
1.0,0.17698841
0.0,0.87796336
0.0,0.06980381
0.0,0.8706033
0.0,0.43661278
0.0,0.89543015
0.0,0.16146125
0.0,0.59810185
0.0,0.123446874
1.0,0.9057671
0.0,0.3841151
0.0,0.6299751
0.0,0.2417182
0.0,0.69668263
0.0,0.74828655
1.0,0.77210134
0.0,0.20340519
0.0,0.2886776
0.0,0.16423747
1.0,0.9257051
0.0,0.4062237
0.0,0.3482318
0.0,0.8865889
1.0,0.16059825
0.0,0.600297
0.0,0.962536
0.0,0.09912475
0.0,0.1592507
0.0,0.08372614
1.0,0.855118
0.0,0.9322195
0.0,0.94133997
0.0,0.17999658
1.0,0.25910306
1.0,0.54446113
0.0,0.931474
0.0,0.5199336
0.0,0.5073376
1.0,0.7958989
0.0,0.18491408
0.0,0.18936987
0.0,0.46984494
0.0,0.83281803
0.0,0.25028223
1.0,0.9246645
0.0,0.04015265
0.0,0.53796923
0.0,0.10512674
0.0,0.12313899
0.0,0.3249694
0.0,0.3598154
0.0,0.15386851
0.0,0.3022285
0.0,0.9331998
0.0,0.10843455
0.0,0.47342274
0.0,0.15367197
0.0,0.3523249
0.0,0.043943565
0.0,0.5025462
0.0,0.14474262
0.0,0.9678537
0.0,0.56861556
0.0,0.080354966
0.0,0.27142784
0.0,0.043346662
1.0,0.8008337
0.0,0.37739232
0.0,0.2825989
1.0,0.9180568
0.0,0.094267376
0.0,0.14609802
1.0,0.42191777
0.0,0.7717134
0.0,0.1682698
0.0,0.07995253
0.0,0.96738005
0.0,0.68527704
0.0,0.18275626
0.0,0.8840039
0.0,0.95318776
0.0,0.12527268
1.0,0.94765437
0.0,0.2966526
0.0,0.92810816
1.0,0.9257574
1.0,0.944542
0.0,0.12872246
0.0,0.08264516
0.0,0.11733668
0.0,0.18236074
0.0,0.65227777
0.0,0.1527795
0.0,0.21247023
1.0,0.95058334
0.0,0.10433184
0.0,0.19561744
0.0,0.15814362
0.0,0.19912869
0.0,0.13017805
0.0,0.16747738
0.0,0.6353338
0.0,0.13977829
1.0,0.04828009
0.0,0.30420098
0.0,0.41373524
0.0,0.08770164
0.0,0.7298846
1.0,0.92964756
0.0,0.84155816
1.0,0.63541734
1.0,0.18754053
0.0,0.8044835
0.0,0.930616
0.0,0.2013297
0.0,0.2927921
1.0,0.898038
0.0,0.13093255
0.0,0.5399712
1.0,0.28903753
1.0,0.08701332
0.0,0.0796193
1.0,0.784716
0.0,0.7800295
0.0,0.91823524
0.0,0.90107536
0.0,0.8474658
0.0,0.4293277
0.0,0.3476701
0.0,0.5206429
0.0,0.5866898
0.0,0.115806326
1.0,0.9812423
0.0,0.13202325
1.0,0.9206998
0.0,0.904266
0.0,0.34290415
1.0,0.95336443
0.0,0.2715019
0.0,0.21721385
0.0,0.05549525
0.0,0.8910523
1.0,0.66214126
0.0,0.5707206
0.0,0.5518847
1.0,0.90442413
0.0,0.7304625
0.0,0.11679948
0.0,0.27359733
1.0,0.25958756
1.0,0.96011025
0.0,0.07686303
0.0,0.24518263
0.0,0.45012507
0.0,0.22205606
0.0,0.10991999
0.0,0.56200814
0.0,0.35795638
0.0,0.17538911
0.0,0.84504485
0.0,0.9209011
0.0,0.4701504
1.0,0.9751914
0.0,0.1380473
1.0,0.28021023
0.0,0.18567447
0.0,0.40879145
1.0,0.7758877
0.0,0.5368565
0.0,0.05207705
1.0,0.8131947
0.0,0.45567873
0.0,0.8481024
0.0,0.3379415
0.0,0.18362878
1.0,0.34019828
1.0,0.8781742
0.0,0.496536
1.0,0.815446
0.0,0.9085582
0.0,0.31280267
0.0,0.8846518
0.0,0.48436534
0.0,0.9448472
1.0,0.4053304
0.0,0.36514246
0.0,0.738081
0.0,0.3517071
0.0,0.20694135
0.0,0.37691715
1.0,0.2480149
1.0,0.8921679
0.0,0.122866616
1.0,0.58506954
0.0,0.4221924
1.0,0.49773028
0.0,0.2624421
0.0,0.34189174
0.0,0.15865536
0.0,0.07534962
0.0,0.91915464
0.0,0.37225398
1.0,0.75095445
0.0,0.4793462
1.0,0.16211985
1.0,0.14471087
0.0,0.07927387
0.0,0.18601657
0.0,0.43816876
0.0,0.21319911
0.0,0.8976252
0.0,0.054277636
0.0,0.92029583
1.0,0.48875353
0.0,0.23359847
0.0,0.86150753
0.0,0.85194236
0.0,0.050300818
1.0,0.8653248
1.0,0.47712806
0.0,0.23467332
0.0,0.9223642
0.0,0.11171853
0.0,0.66567683
0.0,0.50146306
0.0,0.18387187
0.0,0.08936684
0.0,0.6351023
0.0,0.3881582
0.0,0.21076417
0.0,0.8771619
0.0,0.8269621
0.0,0.37590915
0.0,0.16026178
0.0,0.21561037
0.0,0.26807442
0.0,0.10309299
1.0,0.83060193
0.0,0.20800428
1.0,0.85644287
1.0,0.57823855
0.0,0.30394545
0.0,0.09513221
0.0,0.31679305
1.0,0.9185631
0.0,0.37032467
0.0,0.97292006
0.0,0.90898174
0.0,0.7565179
0.0,0.15441963
0.0,0.6880691
1.0,0.673405
0.0,0.076112576
1.0,0.94857913
0.0,0.148483
0.0,0.32603326
0.0,0.8446746
0.0,0.8264088
1.0,0.78204626
0.0,0.6453811
0.0,0.08757083
0.0,0.3048813
0.0,0.17376296
1.0,0.70951164
0.0,0.9238088
0.0,0.1605332
0.0,0.2594521
0.0,0.7499314
0.0,0.82437474
0.0,0.72286916
0.0,0.7872624
0.0,0.41408882
0.0,0.43099278
0.0,0.2719339
0.0,0.42896518
0.0,0.22439076
0.0,0.17334083
0.0,0.93926454
0.0,0.11455425
0.0,0.09806085
0.0,0.23046774
0.0,0.19022802
0.0,0.37373137
1.0,0.36640745
0.0,0.46677706
0.0,0.42506075
