Model,Sensitivity,Specificity,Accuracy,Balanced Accuracy,F2 Score,ROC AUC,Brier Score
Italy on Indian 375,0.44,0.5133333333333333,0.49866666666666665,0.4766666666666667,0.20859671302149177,0.4766666666666667,0.36371680492127717
Italy on Indian 600,0.5166666666666667,0.57,0.5433333333333333,0.5433333333333333,0.5396935933147633,0.5433333333333333,0.3344809385452984
Italy on Brazil,0.7271860095389507,0.6209098164405427,0.6489593823430682,0.6740479129897468,0.44680185988356186,0.5433333333333333,0.3344809385452984
