,Model,Sensitivity,Specificity,Accuracy,Balanced Accuracy,F2 Score,ROC AUC,Brier Score
0,Brazil on India 375,0.1466666666666666,0.8466666666666667,0.7066666666666667,0.4966666666666667,0.1815181518151815,0.4966666666666667,0.2050447486210993
1,Brazil on India Smote,0.1766666666666666,0.86,0.5183333333333333,0.5183333333333333,0.3897058823529412,0.5183333333333333,0.3498039713894438
2,Brazil on Italy,0.4209150326797385,0.8619582664526485,0.6188760806916427,0.6414366495661935,0.6716729244889444,0.6414366495661935,0.2605174121817328
0,Italy on Indian 375,0.44,0.5133333333333333,0.4986666666666666,0.4766666666666667,0.2085967130214917,0.4766666666666667,0.3637168049212771
1,Italy on Indian 600,0.5166666666666667,0.57,0.5433333333333333,0.5433333333333333,0.5396935933147633,0.5433333333333333,0.3344809385452984
2,Italy on Brazil,0.7271860095389507,0.6209098164405427,0.6489593823430682,0.6740479129897468,0.4468018598835618,0.5433333333333333,0.3344809385452984
